Rank,Network,Address,Prizes,Balance,Winrate
1,0x5ad6ac513d28b9e2b9687a2c5b7b54c845183f2e,polygon,200,10,2000.00%
2,0xac4b04156278634d81995aa1594f266d9c5b65b1,polygon,2601,2740,1866.66%
3,0x352c6a597f612636785f87f73ffe03eb44018524,polygon,200,13,1515.29%
4,0x4254c53fc3b3b38df025ea30bcae410e11bb95b6,polygon,50,4,1190.48%
5,0x35b0f6fbe08a3c7a1e412a514e9e02f85d01c1a4,polygon,2500,2742,1032.09%
6,0x84088fb8e6b229034d243cf2cfec6ae504a9d3fe,polygon,1007,1107,1007.00%
7,0xfda93e97caa77d7d1aaec698a1a5419d73013313,polygon,100,10,1000.00%
8,0xb28dd17a394e7202d154981fa5f487483c4233bd,polygon,2572,2953,657.80%
9,0x85bd4f508b2cd7a17bdfca628059b3b787546726,polygon,2627,3054,614.95%
10,0xbda6ede845ac18de045d5a49904972da5bf90dda,polygon,1027,1209,521.95%
11,0xe84b0443b8341d9c215a150ff208c0ce5d2d9a74,polygon,2657,3577,288.40%
12,0xe8b2e185511c72daf409e2976717a7cdd1c93100,polygon,200,270,283.69%
13,0xa844a45da14c3cf9b2814f1a933a924109e7d1d9,polygon,10,4,250.00%
14,0xee93cde6e4799b0fe5920c3f02e4cfefbd39ff80,polygon,10,4,250.00%
15,0xcca5b67ddff3d26c6173987f9c9f87e52b12573a,polygon,10,4,250.00%
16,0x9148c44bd93db8505222c235bee0546a3af40fbd,polygon,10,4,250.00%
17,0xc25cd19dd904bc4008ea41b65efa3f677dad34e5,polygon,10,4,250.00%
18,0x8b42570ce8fd334798290ca9c9b1103fee2b0d8a,polygon,10,4,250.00%
19,0xe24f1714203518c0972f9e81286e273b445980b5,polygon,10,4,250.00%
20,0x2dab41f30a18816b778aee9277ed9059994bff9e,polygon,200,282,244.35%
21,0x7fab7cf142b1220888efffa2801cce21117fc51a,polygon,10,4,243.90%
22,0xcd47b99d38ca4ca2b877be04cb204360832903dc,polygon,1018,457,222.94%
23,0x2217c7e91f86452ce9b33a91e24ab428857942e2,polygon,10,5,218.99%
24,0xa83e512702d1dc2df2c755a0aa8815d8a63054b8,polygon,10,15,200.00%
25,0xb4282b8b6feafad7a4731cb377340c2a519d770b,polygon,10,5,200.00%
26,0x14953db4da8f41227f6cac7b5a81dd239715c37e,polygon,10,5,200.00%
27,0xf93cacdc933d8359d4490c219e6b4278f767d852,polygon,10,5,200.00%
28,0xae9d5647400ce620dcf954b0f822976ced9a6504,polygon,10,15,197.94%
29,0xa3bd3cc8207cfe58e71003e6d1d64256b2375467,polygon,10,15,193.06%
30,0x9729947ca4dbcba8c9f000cf29a5c63a52f05647,polygon,10,5,191.79%
31,0x2404fc115dbcb35dcae5465bd878d155b34017e3,polygon,55,29,190.50%
32,0x930b797b7787a28df9c5d9a6fa038233b7584f38,polygon,51,78,185.78%
33,0x6277f0457cbd2ded7ba93a8338d1deb1d08a8795,polygon,2862,4763,150.58%
34,0xbf4c544b70100d72c5c40e4521b600fe62a22b87,polygon,125,212,142.99%
35,0x9141bc4e445a4a9cd39d2509b7ddd6a777163dd8,polygon,10,7,142.86%
36,0x7b8a5bd2a5e896bcda746404a9617ed7c9b6e4fb,polygon,5,9,125.00%
37,0x933846c2f35593815891e1b82b4f8aa4e7196816,polygon,5,9,125.00%
38,0xd459f7ced2ec884f666533d2272471fecd23cc00,polygon,5,4,125.00%
39,0x0e64e907ed05b26a02b088a00b2af5a4f86358a1,polygon,5,4,125.00%
40,0xf4593fec341c8a434d88a4e7439282632f812289,polygon,5,4,125.00%
41,0x1616faf1ee9e764a9962c2c4a39d7488d8cf9245,avalanche,5,4,125.00%
42,0x5df8d08dd50105b4271d5ad07d094ace85cf0ee6,polygon,5,4,125.00%
43,0xf1f2db013f4e89c00e8a72bd685d7c02e04b13a5,polygon,5,4,125.00%
44,0xcb3f59c99e91690d71d5d4f4215bf179236612f1,polygon,5,4,125.00%
45,0x6bb080faf7af2efc622ca0f38e6e7a483412c017,polygon,5,4,125.00%
46,0xb8cebb8bd64b10ffd2208678bbdd2673e6582243,polygon,5,4,125.00%
47,0x3ceba5411c7cd1187ece9f28a619a13a70029e09,polygon,5,4,125.00%
48,0x281a0ec0a602eb9c9b92a6711941f9d8e93fbb0f,avalanche,5,4,125.00%
49,0x1f69ee6c9db214362368608cd7d886cc64142270,polygon,10,8,125.00%
50,0xccf0d9e17118b199012da8b9c9e71eac6768fe4f,polygon,5,4,125.00%
51,0xc93110d58047bd31f20a302bf2174d15458f6d16,polygon,5,4,125.00%
52,0x063d6360bafe1981578e8b359c8176f359e23c26,polygon,5,4,125.00%
53,0x6850881a8cdfb1558a2a168ee696d18c6b1ce3a8,polygon,5,4,125.00%
54,0x2ba0cf3a45d78fb39cd2a75516c3338d5f36dd37,polygon,5,4,125.00%
55,0xf25685a7a5f0891ed4350eb9cf9c74b67a7aa7e2,polygon,5,4,125.00%
56,0xa7f722284afd5c7fc79760dbcb2816e1ce0780c9,polygon,5,4,125.00%
57,0x7313627007814c6130ce372759c66ba16d7c55f8,polygon,5,4,125.00%
58,0xa9174b240ea4001c7b228916ce34791b111e6fbb,polygon,5,4,125.00%
59,0xd06713cdea7de1fe56b0513a573b183ecfd37a08,polygon,5,4,125.00%
60,0x99774e4c8b03c79df0aa3ba13c42722ff77a329c,polygon,5,4,125.00%
61,0x69e25b9a7b0fba22930a1c875df3e693a85731ce,polygon,5,4,125.00%
62,0x51490b57096a66da454084b5d6b343f2b680e609,polygon,5,4,125.00%
63,0x5a5468ecc5f4235c35df6c05bd85e8177442df43,polygon,5,9,125.00%
64,0xb79c7539459c11aacc4ce73e9809ef5ae697e856,polygon,5,9,125.00%
65,0xa8a21f6af8fb1a2aa328892cb2b22f46ac3d51dc,polygon,5,4,125.00%
66,0x844203780009ed82a1d2c9c220f71f88091f018e,polygon,5,4,125.00%
67,0xf2eb70e0c90cb9c8720cb374a8690cdc63e1680a,polygon,5,9,125.00%
68,0x769f7e18b77e13862b34abb940e59cfd1f5e7723,polygon,5,4,125.00%
69,0x92a27f87cf6363fea05563fff0dfa8a4c809b5c8,avalanche,5,4,124.80%
70,0x7680598270be41895cc6fdb1e7572d73de86c509,polygon,5,4,124.72%
71,0xbbbb16f443f17d3781e8df7dee708efafce15d17,polygon,5,4,124.69%
72,0x2243f1e2857b990f3cac366bd78b0db57a34d1fa,polygon,5,4,124.69%
73,0x13711b99539d2860aa740c0180a50627d538c28e,polygon,5,4,124.33%
74,0xc5e9d01f386430c393a190708b8dcbdae258e4ec,polygon,124,223,124.00%
75,0x02e262d07bdb8ad09bbf83f3bc23c55ecbda0f8b,polygon,236,427,123.77%
76,0xbed63898a85c987686caf5fdf0652467475ccec4,polygon,5,4,121.95%
77,0xf3c083bb6fab2f22949e69e5470c34d6117eb044,polygon,5,4,121.95%
78,0x92a27f87cf6363fea05563fff0dfa8a4c809b5c8,polygon,5,4,121.95%
79,0xdf23d6fd44249716a515bdddc81b82c18b915345,polygon,5,4,121.95%
80,0x77ff9b90819f918011d366adb8fb2a0e8c6f0f31,polygon,5,4,121.95%
81,0x081fa64b6667f0abbce89bbb08d64ddc6096e759,polygon,5,4,121.95%
82,0x84817254031e40aa1ee5c0b144118ef9a029ceac,polygon,5,4,121.95%
83,0xfe001d47ae95a7b470178188d531f1e3e44fec0c,polygon,5,9,121.95%
84,0x799050545dfc0cb814650d2472fc70666d61885f,polygon,5,9,121.95%
85,0xf7257560f02ea559a3671682d5f87d52d50d584e,polygon,5,9,121.95%
86,0x1bdd37c345244d5a465a31529c066326ba240078,polygon,5,4,121.95%
87,0xf77489096e6a321b8bb3aa467ac584c6c8b21d61,polygon,10,8,121.95%
88,0xef679b9a003ab7d8ec5356231f32d287acd95b8c,avalanche,5,4,121.89%
89,0x35f567be525ff620cd7d523ddebf84a1898248a9,polygon,5,4,120.13%
90,0xb7a324dc66e7fd3bf881c440b085daad5bed1a4a,polygon,5,4,119.05%
91,0xc128170d8ae71d51dfabdccd1c0ff88444580597,polygon,5,4,118.81%
92,0xd819c62dde216ef3b508d348542b59477efd606f,polygon,5,4,116.92%
93,0x0812d7ecac5a26c6446b3f11cba241c0ebd0fdf9,polygon,5,4,114.07%
94,0xa7edf97e7998de170f97d7d4317625cff7bbbcb9,polygon,225,408,113.91%
95,0x5722c4e4edbb182b415febae9c18a15b741671a1,polygon,115,218,111.65%
96,0x46a52fcf1e23ea9a85f4b4bd8b08ac606b6de72b,polygon,5,9,111.11%
97,0x6545a8cb2d809f8488e89480df5055fb176aa318,polygon,5,4,111.11%
98,0xf890c71a0e97e30b49b503c6a3c4270ea2d043cf,polygon,50,95,111.11%
99,0x9df8754f8cf270e08687b2fe1f479c757310b4ca,polygon,110,210,110.00%
100,0x7d9eb3ef81adb13dde0cdacca483cb029a334a6b,polygon,55,50,110.00%
101,0x08e166bddc849cfd91084e828b5096085e8e0875,polygon,55,106,108.79%
102,0x22e5e9cba59e00e2a4bc0f6845d6313b4f3e9734,polygon,53,102,107.66%
103,0x8ae76ffd692ed84ec160455cd15408fb5d8a00a4,polygon,2610,5110,104.40%
104,0xdedbc83667a22f95a56398956285b823dce0b126,polygon,50,48,104.32%
105,0x315e1a5c796b734585c27e615b774441372fbd08,polygon,5,5,104.17%
106,0x8239daff648a042792de76ca37ccf8021eb4ae4c,polygon,10,20,103.58%
107,0xe6eb75fc30a1506453a8aa848e8d46d2a5ce5a14,polygon,5,5,101.84%
108,0x61b1c8dafe015223f6faa41201cf79a447c348f2,polygon,101,100,101.00%
109,0x2c684fd4146120506c5d5497fed63f1e44c21ad9,polygon,5,10,100.00%
110,0x7b8a5bd2a5e896bcda746404a9617ed7c9b6e4fb,avalanche,5,10,100.00%
111,0x54775b00a77d33a6bda14bf31859995b42df0685,polygon,5,5,100.00%
112,0x432c0123e7f079a617059a3ea925a44df4eb7b9e,polygon,5,5,100.00%
113,0x8cac2068ff0a2d328b749d041525722caa5e66ab,polygon,5,5,100.00%
114,0x741742155cdbb6610a1c230c58139682fc631de2,polygon,5,5,100.00%
115,0xf3c083bb6fab2f22949e69e5470c34d6117eb044,avalanche,5,5,100.00%
116,0xf3150524baa0e7a4bea32779a48b48a8fe8396de,polygon,10,20,100.00%
117,0xefd0aedffe14a02c0ed764c5102bc61d15ccaf01,polygon,10,10,100.00%
118,0x52876dafdc67238390477bb2403bdc8021944ddc,polygon,100,200,100.00%
119,0x032bb0c7100303c78cb8fdf2cced57ad814da45c,polygon,5,5,100.00%
120,0xf9d1bbc0e32affa082f9e8a36427591fd1018428,polygon,5,5,100.00%
121,0x07d4d9d341702775ff6a8c5e9465797603b39830,polygon,5,5,100.00%
122,0xa57dd1f0f439a3d1ee89edb9f2f59e4aa86bd250,polygon,5,5,100.00%
123,0xce389023479e7c3966ab1fcb3a779800d9f6b152,polygon,5,5,100.00%
124,0x23cfbc88ebb82e730fcd1c35225d19da1958d805,polygon,5,5,100.00%
125,0x509fba74a4a963305af626d63a6d996a15093f83,polygon,5,5,100.00%
126,0x82adc76a30da0d2e9ec7c015a19a2bb829cced4b,polygon,5,5,100.00%
127,0x431166a06007435516d8e1e1ce11504ff626ee2c,polygon,10,20,100.00%
128,0x46885051db042ed7640de655e286c37bc102d197,polygon,50,50,100.00%
129,0x2158dd4cc7a37dd1f1ea930eb6372773e8617194,polygon,5,5,100.00%
130,0x139660bbfd2936ec6b37c6aa46d7476c7b48481c,polygon,50,100,100.00%
131,0xdb576efe338dc2b92b4f0a0d576d08f8c4ece517,polygon,5,10,100.00%
132,0x0ac8ca3a85edaa2de9b5776f63ca5d2ad470dc0c,polygon,5,5,100.00%
133,0x40514b09de8101a1b1c36ac33cdd04984d13e95e,polygon,10,10,100.00%
134,0x9fbd00df3f16c3fc39826408e67f1d11d9b4f8d1,polygon,10,20,100.00%
135,0xf3ba96cd93c013def2bacf56c20cf1339ddee80b,polygon,10,20,100.00%
136,0xcccf8d834febceb948cfa1349359907289de5c3e,polygon,10,20,100.00%
137,0xc94455868fdcaaa226c159679fd546fb1740a553,polygon,5,10,99.90%
138,0x756f74409b01b7be72202164d788eb8f53c22c44,polygon,50,50,99.66%
139,0x21909e494a1d00b4e30a918207350ced6da16b45,avalanche,201,403,98.80%
140,0x55412bbe736353dec7b009355f3b6670469aa2a3,polygon,5,10,98.50%
141,0x9a1888c3bd7576834664c2cd7012f50da53839a9,polygon,10,10,97.19%
142,0x133343196d91565ba4a2b27b7110405bfac9115c,polygon,50,52,96.69%
143,0x616b8248a78ba31c04f769242060d0d16913c04d,polygon,5,5,95.30%
144,0x3f0e58eb1e93a00902b8a22b23731d0ea0e049f4,polygon,65,69,94.45%
145,0xd45b7892c3c6ee475133065855c1b0087fdb76d9,ethereum,2588,5253,94.05%
146,0x2f49b721cc086be9495d5067958f69098d3c72ab,polygon,2606,5383,93.86%
147,0xce38a34293d32908f5f8651b521c9fd877fe1a5b,polygon,10,11,93.75%
148,0x995d4816d5007b8ed0b7d93ce3c18aaade42e382,polygon,3393,7046,92.88%
149,0xf232f53d5782147342766d0ea98f96529aaebf6a,polygon,2760,3250,92.01%
150,0x3a945f57ad3cec607987963926e7e67fd3e802bc,polygon,5,6,90.91%
151,0x8358e0f54179ec00736411244489c60c0c14436b,polygon,5,6,89.49%
152,0xc9c5c21c9855f4a7df58308db41f2d23dae34803,polygon,10,11,89.29%
153,0x9ef06cd97cf751f91a58577de9276223096d4071,polygon,6,13,88.81%
154,0xbd3856549d219fbefb502f207c892bcb43f8b2f1,polygon,20,23,87.81%
155,0xdefe1308bd735e5cbc4e919e1aa4dca8f8ef2e1a,polygon,5,6,84.75%
156,0xa852471b0a5f7da9bc931c3781a8b5291ff41842,polygon,127,150,84.67%
157,0xbce8ea846cc7effe291a48998a4d3afa4ea079ea,avalanche,5,11,83.71%
158,0xb39d57c08082d0734606b7ccba6fad84a02c1df0,polygon,10,12,83.70%
159,0x73998ab59b053a0eb5443f8a4ea015412d55ce4a,polygon,5,6,83.65%
160,0x67669e21b68118480fe5e693b70ac27ed1482a0e,avalanche,5,6,83.33%
161,0x65bb87fff283eb02be1ecf6882fd6f2f56768f82,polygon,10,22,83.33%
162,0x90bd038381f5e4949af2ca9c894aff5687f336c8,polygon,5,6,83.33%
163,0x81a0cf53e9d0d0b50f4befde5abb6c20453751a0,ethereum,5,6,83.33%
164,0x563500208ac0f18239ad45ddc7ae51ca1f50f7e1,polygon,10,12,83.33%
165,0x105e025b92fafd3aaa39f45a14d84b29849e779f,polygon,1139,2516,82.66%
166,0xc8b283430710b85e0d914e06a392ff5a33b2f79d,polygon,5,6,79.33%
167,0xd81142580f1d8dfae2b2184af600a242c6a8836c,polygon,112,148,75.69%
168,0xf77e2c9b9ea81843d97a034e50aaa61b54edcc92,polygon,5,12,74.61%
169,0x1ef10a0074213b2381f78f97bde7af4d1fbfe418,polygon,5,7,73.98%
170,0x0020a7741ad0c3e5aad75719346504193da81d17,polygon,5,7,72.17%
171,0x247c0f2d83934996b44a237bb9503a554eda34e7,polygon,2885,6828,72.12%
172,0x568f3c22ea38cb5049563f1aa520ec7462ffd9f8,polygon,5,7,71.91%
173,0x86abd9bb8c580729062af9fcee60227c4a276391,polygon,5,12,71.43%
174,0x8d0efe7db232fe95f9073d3a0abdb4b6bb7cc68e,polygon,5,7,71.43%
175,0xc3d9cad1b5233cb4261b27dfcd68bd9af8ff0191,polygon,5,7,71.43%
176,0x90ba39a6a18562c12a4efbf6c39358d240ba3f25,polygon,5,7,71.43%
177,0xf238546013bc65fca193d518a37c32e3fea4734e,polygon,51,123,71.23%
178,0x585ce08e57f6daf961220c29dcd9f8164bbf71c6,polygon,1016,1432,70.97%
179,0xb8fabe61f7035b9756ee1401f8919c9a590a1115,polygon,1041,2501,70.76%
180,0x7794223c2933504e3f17c4ff48d4b22f05bfb7e7,polygon,3038,7384,69.89%
181,0xa798d64425a2afac9575920df861990a8e1b69a9,polygon,10,24,68.97%
182,0xcd838c10b1cfcb310d000449eab14b2ba591c77d,polygon,5,7,68.57%
183,0xa2e3bf9e6241beef4c4c9b1609f10e2984c4dfb4,polygon,1020,2512,68.35%
184,0x6ed43943611416f99f64170cd59e43d45c63b8fe,polygon,11,17,66.67%
185,0x5e4c09abf931b6369ab451503be546241a101fdc,polygon,3268,8178,66.54%
186,0xf424b292f7177c96f6b26325017360579ffa88d6,polygon,660,1502,66.00%
187,0xc4e53f66d0529e4f589d919c505b30b91374165f,polygon,1060,2684,65.27%
188,0xfbbd34234fd94ca33c7501342bcc7866a583062a,polygon,65,110,65.00%
189,0xd4e1b79e446e8019027ad1856b2ad22812c37476,polygon,5,8,64.52%
190,0x342b1df7d47d6762a9876ca6a473a80ea664d381,polygon,5,8,63.92%
191,0x855f8662c39a0ce5b3aee1356b08265a42f91dab,avalanche,56,144,63.64%
192,0x3cdab005d5bd647dcf7423febe6fafa157c49d2e,polygon,266,669,61.86%
193,0x8b816277407c8832ea63410feb88554a37319fd2,polygon,63,104,61.47%
194,0x585fced8e5d357d6f7192de41d0b2d839795d437,polygon,3056,8043,61.27%
195,0x1ff01b9771d572278d2e8484c82af1baaad564f5,polygon,30,79,61.22%
196,0xb76e4a9932538bbad705d2936d0db755389cacff,polygon,5,8,60.70%
197,0x6bfd9455baa363389c762cbf668812de66ee21f8,polygon,1232,3186,60.47%
198,0x94534412c17f2e58c85ff2d2ecb98a6cb79bbde3,polygon,111,296,60.09%
199,0x042d60e7dc84756d93faa21a30aa8deff13fbae9,polygon,15,35,60.00%
200,0xb2ecd356ecac9a1c3926bd97a270de463309d8ac,avalanche,1070,2866,59.56%
201,0xf041e4970a46e4341efc21068dda8aa98dbcb52c,polygon,595,1042,59.21%
202,0x37bc0d7d21a51072ce1590c2f4e05a4d0c36b190,polygon,1117,3010,58.86%
203,0x16a92f145f3b9ddca3bfc7e9d7fe97f1b193c22a,polygon,2700,7319,58.32%
204,0x3c5aac016ef2f178e8699d6208796a2d67557fe2,polygon,1589,4310,58.27%
205,0xbc917ad27987e3ca6689f4a1bbb9956f9ae56a7a,polygon,56,153,57.56%
206,0x261437480da0b195adb651191907b5ddf8997eee,ethereum,50,137,57.39%
207,0x88ba1362e57f67f13e0eb14733d9aaf6a04f1b9b,polygon,57,156,57.36%
208,0xc779f7bd848b56a606d8c61502da8264b11f420d,polygon,2562,7079,56.71%
209,0x8480162399755223dfaf78e353320a43f7d4f635,polygon,1125,3120,56.39%
210,0xf890c71a0e97e30b49b503c6a3c4270ea2d043cf,ethereum,50,89,56.18%
211,0x20d725e2f72884a60df9b4a55ab0125b4231286b,polygon,56,106,56.00%
212,0x2e69476d174e9cac1c9c1529c67c5ae66fe933ff,polygon,208,576,55.73%
213,0x59cf5c5d3d9ecedc2489a1184cc29494d0dd23ea,polygon,5,9,55.56%
214,0x4b6f7ea3e6e1057415ae8bf719965339ea3eb71b,polygon,5,14,55.56%
215,0x3dd1b656fcc459cc4cf203b53aaabf8c85181f1d,polygon,123,345,55.46%
216,0xa7578e4bb964ee07b74592bdd04327b377065b7d,polygon,110,310,55.00%
217,0x82f383ad178c43f1a27b947432f43af8851798aa,avalanche,5,9,54.73%
218,0xc180e700f593b1ca46e496bda87b74be4cce10be,polygon,50,142,54.30%
219,0x5925f70bb4aa2f830457b17549e9cd9263eadd31,polygon,10,18,54.29%
220,0x4689d1a2ed70f4e5d9214d0e39e60aadf10ef191,polygon,1075,3067,53.95%
221,0x6d3762700c7a798f2b763ef288935388f2759b67,polygon,5,14,53.79%
222,0x2ef5d7f622ef16f6c0846347f51a049d2ed83c3c,polygon,10,29,53.76%
223,0x9cb5433d5c5bddc5c480103f06f03db13b36b7c9,polygon,51,146,53.44%
224,0x962e83b1ed1f5826a03ce6f25c1618f5ccd23cfb,polygon,5,14,52.76%
225,0xcbaffd3c17c98cb6448bf92151a0318e595f3768,polygon,104,200,52.00%
226,0xa5b3a7aadca7538604feecf36ed53f2ed51ec5c5,polygon,10,29,51.94%
227,0xc8148f72115650d04acfb4b03e21a35c365080ec,polygon,1035,2030,51.88%
228,0xc699cfad26aeb158931fb6698311e3b518e98898,polygon,103,302,51.63%
229,0xeba531568f6fda70f915f6d85a507c4c05b673c3,polygon,1030,3025,51.63%
230,0x69d3badd3317437112facbcd706254a6730b7f5e,polygon,1025,3012,51.57%
231,0x6e2b5725f1b2222a9acf63742b4a98a11adbb204,ethereum,204,600,51.52%
232,0xc5a2f28bacf1425bfaea14834486f0e9d0832155,ethereum,103,200,51.50%
233,0x29ce4d532d67e555d924e961eb7e69aa982945dd,avalanche,5,15,51.28%
234,0x7375e6dd9db278699357aa68749a5c08a3eba10e,polygon,1020,3010,51.26%
235,0xacf93a4d53e095e9ad3d4e9e79c9bca8a212d642,polygon,1020,3015,51.13%
236,0xfc9ca7e990cb63c6f94729401cd35409bed304c4,ethereum,1171,3307,50.75%
237,0x66b6cbd6d26c42ae787d52141832f33353abe97a,polygon,5,10,50.22%
238,0x93ca7b54ce30eb54517fb6b442bb5b33986e2643,polygon,5,15,50.00%
239,0x20de18c5bb66ef81e89e0a8b0e3dbd0efc751632,polygon,5,15,50.00%
240,0x7ade2c979aaafbf62fa2e5a94375b4d585729fd3,polygon,5,10,50.00%
241,0xf39e2474bf36eceaa75be99df77e6adbced646b1,polygon,5,10,50.00%
242,0x39c4a3ab57226440e6e0beb287e848c2cda16db8,polygon,5,10,50.00%
243,0x663de07a0875072a3c2793fd1d66fa7e27c37b58,polygon,2,5,50.00%
244,0x687774deaee7ddbe1910c1e1751f8686931f6586,polygon,100,200,50.00%
245,0x054d6b99a7d71733a134ef99eb8705b89ee155db,polygon,5,15,50.00%
246,0x68d561c10553046178e3319984e9e154282525f5,avalanche,5,10,50.00%
247,0x34f9c0b11e67d72ad65c41ff90a6989846f28c22,polygon,5,10,50.00%
248,0x7e62d7bbea6c1a843552f6dbb6e1395bad769226,polygon,5,15,50.00%
249,0x2c61eb8ca0bd5e41e88c08054bc87b30797ac06d,polygon,5,10,50.00%
250,0x7391743e15afae6f25dd1d464efebbff9da80f53,polygon,5,10,50.00%
251,0x3602b9b837e70d5c370c64b25f7101abae5b702b,polygon,5,10,50.00%
252,0xa9a51a5216098950c93bdebe5c9a87286b36ae9a,polygon,5,10,50.00%
253,0xc1ff3e6e2f1c5c0666dd171d72bda9d26b1d1f30,polygon,5,15,50.00%
254,0x41e391414086efccaece16d2ca6680d8cc397ffc,polygon,5,10,50.00%
255,0xb0e0c7fe9abec572991679c42b194383c1f152f3,polygon,5,15,50.00%
256,0xe7ee5fa856678dce1891e14ea133a98db4bb7ad6,polygon,5,10,50.00%
257,0x727df4ab614e0025637c4d23b48171054e0f6dde,polygon,50,150,50.00%
258,0xc554b7f10c4a60233fb0556cb972cec937371cfc,polygon,5,15,50.00%
259,0x751e7c8d4878f74817dfefb381c2fea0a913a543,polygon,10,30,49.97%
260,0x745d9f9c9f01c7d8afb63e81d16c60f2fb74a1e0,polygon,5,10,49.95%
261,0x7cfde52143b52f8d0f461bcc09d79b1e36bb6878,avalanche,15,45,49.76%
262,0xf5bafad4355038fb323fc7a826d63bc6f57bd88a,polygon,275,694,49.61%
263,0x0b19ab6cfe9b496bb418fa855eabab48f1f55f05,polygon,5,10,49.50%
264,0xefd19b8543f2d46add6d156d4293645ffd32456e,polygon,10,25,49.43%
265,0x11e10cc175c9d6164405adddc0438f4983be1080,polygon,5,10,49.18%
266,0x37f1f0778ebff3bd2f5a4c6ff2fabe48857c822e,polygon,85,258,49.06%
267,0xa2ed24bd67f9cd1baa6b81403342b31f3bca4cf1,polygon,6,13,48.02%
268,0xe512c8a11acd3487cf69b8f5bf0de7e8759e203a,polygon,5,10,47.73%
269,0x093edfb761485fa2254e8c92d84b30bef6fabd63,polygon,5,15,47.71%
270,0xf81cf588c563c4134b26eac8dd468aba887f41b5,polygon,4767,13092,47.67%
271,0x5cf889bcf7d93d54712f8205f288593d7246efae,polygon,50,105,47.62%
272,0xa121f94165089c642859ec0dc18f484fbe5a7c58,polygon,5,10,47.62%
273,0xb2760e971eb4918960c45ee8a7e26185e18cec77,polygon,5,10,47.62%
274,0x4176d5d5813bb33f1761dbef41107ec1728062f6,polygon,1901,5907,47.44%
275,0xade4c514cab3ce3f57c5222663e27406d1b016d5,polygon,5,11,47.35%
276,0xcbb3c9c52f65ce142d70e93462bf9b5631e7b702,polygon,5,16,47.17%
277,0xd8408b0122b57c88d42617e5cd71249bb4008e1c,polygon,51,110,47.00%
278,0xa6faa95b692962d1faaa6b43a6f20545e0d40861,polygon,4533,14216,46.65%
279,0x64c5480bf1ba9c1e7fc3695a349e26446d777e7f,polygon,10,21,46.54%
280,0xd50b0485e1ba29fb1e9e4418ebd47194c4bdde9a,ethereum,51,110,46.44%
281,0x03edf7b0da8718df574bb426dbc089d947f9b022,polygon,5,11,46.25%
282,0x9f469e95a6d62da5058e2a74dffebd63aa1bd3ca,polygon,5,11,45.45%
283,0x9988ca0782eaaf434533274cc62f4d7ccb998b42,polygon,5,11,45.45%
284,0xa679b52b52b92d2ee4a5e555d5911fbae2c51e3c,polygon,5,11,45.45%
285,0x85efe1f49dd371a9132739ef578d8f155cd518d2,polygon,5,11,45.45%
286,0x825f05ce7b9ef8ffef12405dcc0f27e00702c981,polygon,5,11,45.45%
287,0xd907cda4f769179017422f1d3957cba6b0fdaa29,polygon,5,16,45.45%
288,0x81a0cf53e9d0d0b50f4befde5abb6c20453751a0,polygon,5,11,45.45%
289,0xcbda66a945936a7ae3329e052ad55916839190f7,polygon,5,16,45.45%
290,0x6bfc2cc988c513a481607777990f7799e84b1442,polygon,139,445,45.42%
291,0x582ab56093777f7a8ea908b87ae16ebd80106a7d,polygon,5,11,45.36%
292,0x3161cd2aec91055e69bb612788c982e4f5e1fcac,polygon,5,16,44.97%
293,0xe3d799b498b5f307ba252a9f609e93a2faf37172,polygon,4482,14471,44.82%
294,0xb716c4e29a1dbb338f07e8e3aa72052a3a925828,polygon,3458,10982,44.76%
295,0xe0450beaef7eb0d5572e2d76f9e88d1240787854,polygon,5,11,44.49%
296,0xb9e7b7601d2cea8f597e577b9869fd5905a639bc,polygon,20,65,44.44%
297,0x0092f2ed23041e6c1355d94a9f4338cf779d03d4,polygon,2950,9589,44.44%
298,0xd1dc4240b07f8b68b0585a3b02403e31f783bf57,polygon,222,722,44.40%
299,0xd86212bacef4a05f5b25bbe85778fb1698edee74,polygon,1121,3652,44.29%
300,0xec4ba48072e6191fc3504ac40704f495de905903,polygon,5,11,43.96%
301,0x431893086ea4504546da0a2a96636c7d8ef9d3c2,polygon,5,11,43.93%
302,0xd1380d31d130214e7f83b08e5b9fc0230cf2eaa0,polygon,5,11,43.91%
303,0x8cea2d89072773a323907e22333bc92b9f803ed6,polygon,5,11,43.72%
304,0xd35115d48b0a3af7d95b5bc694a4e6939fce4187,polygon,5,11,43.72%
305,0xc7ec4d4c00932bee3604e609bdbec2c0b6504484,polygon,5,11,43.69%
306,0x37a246e095f92b874e1ddc3a87229e393c598cb4,polygon,5,16,43.53%
307,0xda277af9f0cfcce205d265ad33ac1728e49694a4,avalanche,20,46,43.50%
308,0x0a80764cc7b00b031c19ad8a1c75b1b7e6ffd196,polygon,10,23,43.48%
309,0xa0e7549de2e5217f89d306cbcb514047630d6649,polygon,10,33,43.48%
310,0x49597c83b4be31c6e676a8e3b4ae7968d3e5c795,avalanche,216,713,43.46%
311,0x2756e6ebdbebc3419f355a7c1301d42ae674b4a5,polygon,15,45,43.14%
312,0x48732a9dbadb474d25100191f8b564c46aa009c5,polygon,5,17,42.77%
313,0xc4c40de29b2a24cf96ca26354445f7bf9a6677f6,ethereum,50,117,42.75%
314,0x87ff07c063c58a7f6eb9cba9c044191d112f57b2,polygon,210,500,42.51%
315,0xcdb1214b924e962b2faf6b0a06e5cd1a269309d9,polygon,57,192,42.12%
316,0xad4810cf053d329793fc1ad96eced83bfbb435b3,polygon,60,204,41.69%
317,0xc20d3705b16bee83b013f5775a9e64de8c4debd4,polygon,11,27,41.68%
318,0xf4c154a11314454f33e994c9dcdf18d0fcb9f8a0,polygon,5,17,41.67%
319,0x42a49ff24567797e9be3340decbe62559dfa84b2,polygon,217,739,41.57%
320,0xc3a0031b4a572c5f341a383ca51b06fdf6e4e3a4,polygon,50,121,41.45%
321,0x0a3ab61d912048814fea1b4f5cc6985623540111,ethereum,56,137,40.88%
322,0xe68e7f19f72499dc02388caca54a1df55c2111b7,polygon,3021,10474,40.53%
323,0xf8cee1f50eb61f868be83033344f80cf683e7c2c,polygon,10,35,40.33%
324,0x9f3a4f55dace415dce62ae09d9a3f92fc79b7705,polygon,10,25,40.03%
325,0x5ebd828a7cb8f0d32b1b10a872252f526db1799f,polygon,10,35,40.01%
326,0x7d62e47e34dc3f18fec0be9ca4734235cce72a76,polygon,20,50,40.00%
327,0xf9dc94b9ea519af20b224618a90f39f345406d42,polygon,20,50,40.00%
328,0xcac27fd0e00d3e59f01aaf54205d432ff4dc750a,polygon,10,25,40.00%
329,0xc1a78b734cfcd3f053f7dde50f3338cb3396fb1c,polygon,20,50,40.00%
330,0xb008ca818c60f1c57da79fe0371fed2a8d2cc562,polygon,10,25,40.00%
331,0xbd5647df24009b536efdb95f8a86056f0e7b6ef6,polygon,57,200,39.86%
332,0xd1ed8dfd122e1b2b1fe2407c40fbcda12d8196f1,polygon,2287,8066,39.47%
333,0x1cd9ccbd1059740ace1117c22b25a4c21e62faf2,polygon,15,48,39.25%
334,0x0b27e0972063fe78bbbe9cc193afad9cf2402d88,polygon,903,3210,39.12%
335,0xa29e46327c1bb40b33bed2c9315665a91808fcdb,polygon,5,13,39.08%
336,0x271f17de273ab11cf08a1852ba5267e52fa3b877,polygon,55,191,39.04%
337,0xdbd4d035782e6cd9c234d451d342c4a4fc357140,polygon,1181,4216,38.91%
338,0xddb54301279ace9c2e004f3cc34a301bbafed24f,polygon,353,1266,38.64%
339,0xdcf4f1abac1247f448d6010b62ae221c0d93b5fd,polygon,5,18,38.46%
340,0x7df2d36aaad457d520b4035889924691a2499f66,polygon,5,13,38.46%
341,0x61d0d9e39fdcd7043843bb75d0d1b520a7bbeb2a,polygon,215,560,38.39%
342,0xd81f29339146c36b1a662456151b3017ea1bd15e,polygon,113,413,37.67%
343,0x9d44bd5cd98ce450800c92db41a7ce38f81966cc,polygon,60,215,37.50%
344,0x4735490c3af23ef03f80dee6174c210bf9efa698,polygon,5,13,37.50%
345,0xb341f93b91f3052478bb46872b3cb6c99741a0d2,polygon,110,406,37.20%
346,0xa72db4951547bda0e4fd3c21f2e60f342a1da422,polygon,2468,9108,37.14%
347,0xc40d92274004f749fb73e9b206687d88a1ad8b2e,polygon,113,416,37.12%
348,0xf62fc3844672a9506be58fb8af274126148ad89d,avalanche,5,14,37.04%
349,0xba8b871fed50bf9e764a4b350c01ec3ca5d03f28,polygon,20,74,37.04%
350,0xe493a6ff589c4e63c73546d9eabb06e2695e782f,polygon,3555,13187,36.90%
351,0xe52fbcce94f189835769e322e3d0794823027256,polygon,6,21,36.88%
352,0xefb757014ac0e59facc070e2b2f5b34be6ca6c76,polygon,11,30,36.67%
353,0x1dc5e15fba2a72a06a9dfeee675e7a1935c5e08d,polygon,1189,4452,36.44%
354,0x3843dd8e25bdc5d00d67400bb7be6c3aa525d5fa,polygon,118,443,36.31%
355,0xafa6c691e1cbfa7c716b5c322bba00668b5a2c3c,polygon,51,192,36.14%
356,0x46893f9822ecf36c5bea35414631ab982c45513d,polygon,1080,4078,36.02%
357,0x232cd5ed6c69bfdc4ed9b4c3d8923961ea4b439c,polygon,41,145,35.91%
358,0x501d66e0b4254de6187443b9cdb744e2752f489e,ethereum,146,408,35.82%
359,0xb9a28ce32dca69ad25e17212bc6d3d753e795aae,polygon,1002,3799,35.75%
360,0x64910e0155e7fe1eb5a51c7694219fadbee4470a,polygon,340,1284,35.64%
361,0x15404b45517abf78cc4b77459c4883f551f105f3,polygon,10,28,35.62%
362,0x3b7e36e449c705eff181d487326fee73e85f8ef2,polygon,1056,4025,35.48%
363,0x9b6df1980540a62cb39788e6a02a32dade17c548,polygon,5,14,35.46%
364,0x2cf0ca740adabb1f69d541084e0e883512c1549e,polygon,50,191,35.46%
365,0x1731ed34e5877ee798d95b0ca92e78b65185077d,polygon,70,268,35.40%
366,0x306a222a9e2bbb65db069fdefd7ab5d515dfa7bb,polygon,3185,12184,35.39%
367,0x9955010ab7dd9229fa5dbf805588f30b615194e1,polygon,10,28,35.39%
368,0x958edad91f2308122c17e689bac02f0409769c48,polygon,353,1328,35.30%
369,0xbd309e2d606405c28f23e494da92951939d07722,polygon,5,14,35.25%
370,0x1061b332af83c5fc42dd6bf8ac7f843e93145e73,polygon,6,22,35.07%
371,0x547aef0f1e3fd58ef5e83f168ff6ddc35013d5e0,polygon,159,562,35.04%
372,0xc9b5f7f4a2af47a9a9215d957a8685efb4e67e6a,polygon,188,725,35.02%
373,0xca7c19b8948d7438d73cdaca750d048304106972,polygon,55,212,35.01%
374,0x60c8eed11cccab1e6d75a825dd9f36d85d855c53,polygon,35,135,35.00%
375,0x7c792462350ef7e870da112fed29cca6fa4807f9,polygon,158,613,34.73%
376,0xd5334ea5628737abc3b789ad53900d2deabcf541,polygon,380,1126,34.52%
377,0x728bb9dc48e49708c80d3d400b79fecb55d1852c,polygon,4136,16040,34.47%
378,0x0484331baa7452b5584f52a804f6fa1dfe8081e0,polygon,1512,5956,33.94%
379,0x47fbd31c8a6a16794e87fcd49561d6ff26b8357c,polygon,69,273,33.86%
380,0x1bfb7dc05207420c35d0f003c423049bc168e8f8,polygon,50,199,33.60%
381,0x42e059464f3ba130da6abafee7ad2efe17467e35,polygon,6689,26675,33.44%
382,0xab1580ee6c593d1ae69c8e80592160bcdb9f6c97,polygon,10,30,33.33%
383,0x3b72953dc7aa3486affb75cebc5858fb0b49bfd2,polygon,5,15,33.33%
384,0x3aa8826ac7a2a0fc3f69037796b1f768f1970679,polygon,5,20,33.33%
385,0xb03f5438f9a243de5c3b830b7841ec315034cd5f,polygon,5,15,33.30%
386,0x9986a375b1ebdcd902e687d4285c5fe7edd0fc9e,polygon,250,1006,33.05%
387,0xb4f7dad09dff668bed7f85d83a227ac85f5b5ab9,polygon,10,30,33.05%
388,0x9af4d9d1d47419be75de41b7fcd08ec96f239e6b,polygon,33,133,33.00%
389,0xb4b5eb3d4a8601fd5b959d732c26f3c13f655ae9,polygon,33,133,33.00%
390,0xc963348a4bd4bfcf329fcc80d90f81bd574393b5,polygon,3301,13297,32.97%
391,0x74060aebcddace26962f5614f12428c70e2492ca,polygon,3294,13283,32.94%
392,0xbe260b86e2ee35a406f9154107f242882ab00aee,polygon,135,545,32.93%
393,0xd4690ced27007fed0c3fb1738b1e031d6d8092b0,polygon,3393,13816,32.55%
394,0x20507895512019851f19cc9906e4a8d460cfe711,polygon,113,464,32.18%
395,0x7c9f3e156cd790f07cc4691fad4c70bfed17a8c3,polygon,143,588,32.13%
396,0x434cb2135f0ca1063714f9f2003df446c64e0504,polygon,16,66,32.00%
397,0xa1bd4ab0a21e55c136b45c278ad36bde9362331d,polygon,16,66,31.99%
398,0x02618b197ec28026cc05d97c4501d3113c4b5722,polygon,255,1055,31.87%
399,0x3ed83c8688f98d23a987be2156f97178ea5f621d,polygon,304,1274,31.34%
400,0x9119bc87389700b8970df51a810dd8fa4db38264,polygon,94,394,31.33%
401,0x4f42ef7f830725086ab06474ed263da3f9d662ed,polygon,5,16,31.25%
402,0xffd99632d387d15128e0e685c167c9cca34776ac,polygon,5,16,31.25%
403,0xbefdf5389ab99b3774f9127820da032616ac318c,polygon,10,32,31.25%
404,0x4f875a5298523d6f2a3d020e3798f7e0e1f750f0,polygon,15,58,31.22%
405,0x6fed43575ae278d4a14229566898e06a774a5289,polygon,31,131,31.09%
406,0x82fbeaebdd5975fa9804b15d599c6ebea122af2c,ethereum,51,164,31.09%
407,0x97255e94f490a76b78d01f54a75d88221f739f6e,polygon,62,262,31.00%
408,0x5f6ff76b0ac3b9dad67764795b97b86bbb744039,polygon,76,324,30.70%
409,0x915e0833be6713260af1ccf7467a37411fb790c0,polygon,4894,20860,30.64%
410,0xb68037da5a373b739cf61f110468db4df60e35c8,polygon,3026,12979,30.40%
411,0x9a47579a70305c6b14bdb4beb7309c997bc2bb53,polygon,72,309,30.33%
412,0x93676f0e810daf04b6d27d1a82c9ef641afdec85,polygon,3023,12993,30.23%
413,0xc0c1042f378277c7895fdeab646d3648ba13fa44,polygon,5,22,30.07%
414,0x7ee5015eededab976ac32602a441ce3863cb6693,polygon,15,50,30.00%
415,0xc27ffba63dd776c70d000de5a1983f3a6af04348,polygon,15,65,30.00%
416,0x01e49a96dcf1eee6a4095f22b68150d5fea8e0a8,polygon,15,65,30.00%
417,0x6903efff109e9e053a87f728c6ae713674443c4b,polygon,15,60,30.00%
418,0x63de003bb84013e9264dc9ae7b7581895b96c0de,polygon,15,50,30.00%
419,0xbe80d8c96c0d5b5aed63b370b495650f30be3724,polygon,2970,12879,29.97%
420,0x9c99bf82fc38713c471d4415f66c8336d361501a,polygon,51,222,29.81%
421,0x9776c82c8a4e9a388829cf4bd78d3cc7b25e09f3,polygon,120,427,29.48%
422,0x2b5c8740807fa95e48c83e04d41fbe2c1c7b3ef6,polygon,5,17,29.41%
423,0xbc0190ee0a0b62bab4e25bd67b47670ac9198f17,polygon,5,17,29.41%
424,0x24c866edc505df1ff95075cf760a2279a87f3317,polygon,5,17,29.41%
425,0x9805e039cf4cddeef576f83b26b549262a96d0a6,polygon,5,17,29.41%
426,0x0d19c80723d6f00f4aa7ca9ee9e5b305f6ba662d,polygon,20,88,29.37%
427,0x99fa48ccea8a38cde6b437450ff9bbddafaa4fc8,polygon,100,441,29.30%
428,0x56c3cf8008d1e6070114765307442cbd228fa5b2,polygon,5,17,29.23%
429,0x9458eae3d8d1f14ec1fea0c3b74b41444d800220,polygon,5,17,29.23%
430,0xf5015105af6e7f9c4de9d7ed08fafb331ac5b88d,polygon,146,500,29.20%
431,0xceb34245ede9764e57483a9d5e5b94a0294da72d,polygon,2912,12906,29.12%
432,0xeb2353929b13550ab840166e82dd03df01063da7,polygon,5,22,29.08%
433,0x187dcdaac283c78f95a8c2ef3ba611b958f4f3e8,polygon,3377,15053,28.92%
434,0x7056d02e00a19e6d296ee00c706308384a44fd29,polygon,146,651,28.88%
435,0xd04d8d6adcd5eb64febf3423f42ac04e2c8e0cd5,polygon,5,22,28.88%
436,0xdb2f2bdc5bb37372e950e7d8c8c680d0bf9c4cb6,polygon,5,17,28.87%
437,0xd0381c5b6fa1fd72374d273fa8609e88fff96e39,polygon,1312,5874,28.69%
438,0x8632e5f7846d8cce3e36434321814ea7b83b18c3,polygon,100,450,28.57%
439,0x4892b331fcbc4892d35317f9761aa3b6c2bddb18,avalanche,51,230,28.57%
440,0x7104926c34ecf1b8fe583dcd3c19883b3308d5da,polygon,2853,12848,28.53%
441,0xc11997d1b87c88468f4b8488b5f8c05c10d2b9ca,polygon,10,45,28.47%
442,0xca7a7ea3e838fa00fff5b62510f0e3623ae6606d,polygon,4552,20541,28.47%
443,0xe2c54bf3ec68ea57187bd35fed74dbcf4607af6b,polygon,167,745,28.38%
444,0x04c97fcf119e7c3483869b4f11f2c3168558fa0f,polygon,2764,12578,28.16%
445,0x3f39a31f3ee244ee553fbdee44ee8a499a2d6d23,polygon,11,49,28.13%
446,0x606e8390e38792e6165275677b7baf26b216c5d5,polygon,56,255,28.13%
447,0x437f40efdddfd6c63c90504d3df97f9c8326d25a,polygon,5,23,27.78%
448,0x883e5bef307b99fba45335a612a40bc3d5a8b9c3,ethereum,86,310,27.74%
449,0x5aeac7009e61c6703aea094a3fe553dfc943bddd,polygon,11,40,27.51%
450,0x52eaa3345a9b68d3b5d52da2fd47ebfc5ed11d4e,polygon,110,400,27.50%
451,0x124fa35f3a869b401ebf36f3b0c5935f6e4953a5,polygon,77,287,27.50%
452,0x216ff22f9a158df06486f721b793f94946cd73f4,polygon,55,200,27.46%
453,0xe04c6ea986f4c498c24d3e3802ef01d4466891ff,polygon,10,46,27.46%
454,0x7d8dd9fee145ebf10ca5e26479f4a32aeb0a0fba,polygon,271,1267,27.21%
455,0xd6f6385f9650015def77f5437f2f7c5ee3d2f372,polygon,26,122,27.10%
456,0x2d3e69d03a23560e5f56999f7f100e43a4ba3f27,polygon,648,3047,27.01%
457,0x472576b55cdcfa3c4785555289c4e8412b36df41,polygon,7,26,26.93%
458,0xd01bd6af7777e339bb8996309aa19c6bb76729fc,polygon,20,95,26.76%
459,0x4972b3f15a0c72726914895b70dd5ec09d7a032c,polygon,5,19,26.62%
460,0xd92a9a588638bea5094d0e325295c73b172312c5,polygon,21,100,26.57%
461,0x1f5f84940f3d5dfb72cf4df10df3234f02794ca9,polygon,3582,17066,26.55%
462,0x990cfcc451843331e7e834505cdaffa87eb45085,polygon,16,76,26.46%
463,0xd7ced27d1dedea2fbad294a80b8ac9e46447e8fe,polygon,1283,5060,26.25%
464,0x11b6a5fe2906f3354145613db0d99ceb51f604c9,polygon,917,4407,26.24%
465,0x7be8688eff7181b292678d74c26b3ff3183c1a1e,polygon,132,638,26.11%
466,0x9b69884fc0acd4c52cd277bd662f1d17b18a4db6,polygon,1332,6443,26.03%
467,0x6259c039b9c773d1346ca374ad7ddfd364d5d7c8,polygon,11,53,26.03%
468,0x7e267911b83400587d042e5c37adc8ec15decae5,polygon,78,378,26.00%
469,0xf756483233a6d7d85fd358603310af8544fd326d,polygon,52,252,25.96%
470,0xed1494ec9db09de80f8c0a6b500e8149fba32d2d,polygon,5,19,25.78%
471,0x9b69884fc0acd4c52cd277bd662f1d17b18a4db6,avalanche,1311,6441,25.50%
472,0xea9deac2b00ef46ca21230eda3ddfbff33f21918,polygon,51,251,25.50%
473,0xc921f3d7b9c3f2c80bd779e1f2b64f6f1b64a74d,polygon,5,20,25.42%
474,0x9b839ab0ce5d936ddd0d2a90a65b8e1f92b33fe5,ethereum,50,247,25.41%
475,0xe290459e93e7eae5330c74c74abc48fcdfe9ddee,polygon,2554,12614,25.36%
476,0xb35e71b6a5aebb07dfc3aa705968411ebdbc003f,polygon,51,253,25.29%
477,0xbbb0b369d838ae69790da1125c917531c439856f,polygon,10,50,25.28%
478,0xaaf545070235082cff25d68b89dd606ef94dcb51,polygon,6,24,25.27%
479,0x84a63fe72b485eaca6785f8ebb1f9e94fb4f2ade,polygon,5046,25035,25.23%
480,0xc66a0fe3f77aa6c6bc49a245504788edf573e3e9,polygon,377,1872,25.22%
481,0x710de0e5fc710637d1f8de7e58a848e3d9a3a49b,polygon,20,99,25.20%
482,0x69b2cd97b2fb301d81faec9fc05a8662ce97c25c,polygon,4008,19972,25.10%
483,0xd8c492c9c476ab17a41743e7b4eb8e2ebf2893f0,polygon,5,20,25.07%
484,0x968e134be5f22ff7fe5062e39bf17d8cb2071da0,polygon,4001,19960,25.04%
485,0x1d9cb1a0e75045f18201ffe68deb7f8bc20272e8,polygon,2501,12501,25.01%
486,0x78518a068930b9a49604a6d355c5c0c2ff100425,polygon,5,20,25.00%
487,0x80895b09e0138e6afad866464d35157decf121ca,polygon,5,20,25.00%
488,0xc7e47a25208a674573e07f3654a5ff0f1a335f55,polygon,5,25,25.00%
489,0x2acd8fc6d34b6009e23a293b886f648668859a76,polygon,5,25,25.00%
490,0x4f6fc327262fd72651d505aaee34a9d64181568a,polygon,5,20,25.00%
491,0x5c3a9dbcfda0dadb8585ee2ef2f9a4b074d3e625,polygon,1,4,25.00%
492,0x2f7a13cac95613cb2232d7ca81c0506159288340,polygon,10,50,25.00%
493,0x174cab72ff9bf6ba3733ebc819fadb4df2903235,polygon,25,125,25.00%
494,0x73aefe5a56e15ecf8708aae3a8b71852d596fcde,polygon,17,85,25.00%
495,0x799a3539e0404b3c3085293692de1c91f074e001,polygon,1,4,25.00%
496,0xd2db612c54b0c7669234594b64000314632f0b92,polygon,1,4,25.00%
497,0x417932ca3da34bf3df20009512a85b2eee9429c3,polygon,1,4,25.00%
498,0xeb4acd1813d6b94d6c998686558e26e3083e1250,polygon,1,4,25.00%
499,0x58b0741e13abce29474b523aeb38ab0111aa8f69,polygon,1,4,25.00%
500,0x4697efc2834a230f492225c121718fb1268f9685,polygon,1,4,25.00%
501,0x44ce8c54dceb7d8dacca27303c863add4c146134,polygon,5,20,25.00%
502,0xd67778fe4a09c9fa8353f23952bc23a3f2df3529,avalanche,5,20,25.00%
503,0xe4fbf89863309994b674b621f359eb5f32ee4a15,avalanche,5,20,25.00%
504,0x36b4cc01c9036a4d0913ae3723260e6a4293cac8,polygon,20,80,25.00%
505,0x818346bbd23dd1e74c326c2e23659055edc56ec8,avalanche,50,250,25.00%
506,0x52432473144056fe91aeae9240ad21e6b8213440,polygon,25,125,25.00%
507,0xcd6b350a3d3c320419d68a71b8c9c19ed7cd0b9c,polygon,5,25,25.00%
508,0x868953a29e80e5113b3a2adcef50c3756f48befc,polygon,25,125,25.00%
509,0x78281f3f5b7c2f8052b20906be251c93914b7c64,polygon,15,60,25.00%
510,0x23e7e4ada29926d7a84e7748dc981affb8f679a1,polygon,25,100,25.00%
511,0x88e110d90a11ec35060588d992edc2255deb9813,polygon,1,4,24.87%
512,0x408f5f00315bca2e1ae1a2f0f4fc50c8df5d79f1,polygon,32,149,24.81%
513,0x03b28e16bf0688cd788da115ceed03a12e1e3a0e,polygon,1200,6051,24.74%
514,0xfd8bb33cd39e73a61c04aef3bbf921c00511938c,polygon,5,20,24.58%
515,0x7a824bea2bed9399a68cd0e340224809521c81d9,polygon,196,923,24.50%
516,0xf25a1a60b1ed63c7dbfc0ae2fab46fb7ece7069d,avalanche,11,56,24.44%
517,0x3ebb29c47d64b70599bc37e2ea15d9e1ec1a07fc,polygon,20,87,24.34%
518,0x0c046c51bfb441b0db5ca4b0bb0178057715a54f,polygon,3882,19846,24.30%
519,0x909c3f98b2ac848b2d21424e9334e581f1b154e8,polygon,55,227,24.28%
520,0xc2620e2c2ba5e85c33b5da107eaa058a99f58a80,polygon,3872,19838,24.24%
521,0x327664f9dd327495930863bbc47c64980998e270,polygon,2424,12418,24.24%
522,0x8b5f0a166edba65a7fcdc3cfd7643cbe54dd55e9,polygon,321,1644,24.16%
523,0x037343879ca2c1d0078038549ee042046f32243f,polygon,241,1164,24.11%
524,0x5da68351bd082abda73e42ac981db51d9364fe69,polygon,25,129,24.05%
525,0xfe718b0a9aa7b62eef2c923820cfee10e4eac5e5,polygon,6,25,24.00%
526,0x2f443aa0673d9416e15788dc92326f02dcc8fc31,avalanche,55,280,23.94%
527,0x0f79f33b5a753b732e6c5656dc46917b830224d8,avalanche,110,570,23.91%
528,0x4c5a3a7f0aa5e486d5d77a2cfbb325b22c6e69b1,polygon,4779,24763,23.89%
529,0xb9978bc938ff4294b7ec194817bee8bc7054676b,polygon,1,4,23.88%
530,0x685c66df2a77fbc188371b3470d5a2adca538a03,polygon,6160,31961,23.68%
531,0x1737a624e20c3474a4ade8cd5d304138e507fd27,polygon,2423,12593,23.67%
532,0xc28bbeb8dcf086aeaf6e50259c553288a16e2a97,polygon,7043,36883,23.60%
533,0x98fccb418e2dbf307c7e97d2fb6bc61ca9d7f699,polygon,32,163,23.53%
534,0x25744247a760dd8c73eaa81307e1ff827e8bcfa3,polygon,25,132,23.29%
535,0x7af5a23d180e6dff260b3b241a253a90f0ff8048,polygon,1204,6361,23.28%
536,0x0b69058e79e06d851f39ed31464971f96ea993dd,polygon,77,410,23.12%
537,0x8a5efa3159cc0ef3d0f4032cfd15d14263d3fe05,polygon,25,133,23.12%
538,0xedcc6ee9aa1b85f976b6dedf39b4f44cfd0f9324,polygon,3696,19685,23.10%
539,0xec4cc3ed08037424d1eaabca3145bbc33c5b84d3,polygon,16,86,23.01%
540,0xb3b376fe733f09c6fe05c274cbee8e80d29cfd39,polygon,51,274,22.81%
541,0xc8f7c0dc39c8f736e8d9ffd85c4adcb3c7a4bf37,polygon,1810,9764,22.75%
542,0x9e04689ec4f4b6a8bdee305bcd0a93f8b908ea0d,polygon,114,616,22.72%
543,0xab83afc880140201e94d5297085fbe17c804b78d,polygon,16,81,22.69%
544,0xc517d047fd40ebf95d8ab89980097de2127050fc,polygon,2819,15241,22.69%
545,0x5cc6e185af81ed0d1265b47763ac4693270740e5,polygon,117,633,22.67%
546,0x5f441226beabef22137018e047f51051cc893208,polygon,90,487,22.65%
547,0x530771df254b2688dc7c90e896366e12ad67869f,polygon,5,22,22.61%
548,0xb89729bc7eebbfad2f3dd073ee8f200d1116ae8b,polygon,885,4800,22.61%
549,0x88e20ad4da714df21732153e1f021ada6ec7aec0,polygon,5,22,22.53%
550,0xda0cc0867460b69e454760da9a6f646c74c51e97,polygon,183,995,22.53%
551,0xfc34c6ca87a7b15464075ecab89b13ed2ef008ce,polygon,50,272,22.48%
552,0x35bcc551d70145081b8d5532b9f0ba9ea7241ae3,polygon,5,27,22.47%
553,0xda38e532a78bcf9a9ebb5b0c12d7ec20fb994cf9,polygon,201,1100,22.36%
554,0x11c8483974335c3aa45628cab834db2dfaebf197,polygon,76,341,22.35%
555,0x1674aca0220c10afc4b70cbb2721b3613974bd9f,polygon,3666,20090,22.30%
556,0x719f321251f939aacff1e98801a67bfcb6cea7a8,polygon,3733,20486,22.28%
557,0x8c70a86c5b21deb6b52c7cea861fe0108d59160a,polygon,10,55,22.22%
558,0xf136f87445a23d590639a06b283a7315d4b7155c,polygon,10,55,22.22%
559,0xb5ee20c4c42232acaaad100e46b0fd24f91497a5,polygon,10,45,22.22%
560,0xd4206305bc1ecf165570256c029e246ccb73e630,polygon,10,55,22.22%
561,0x3756f9b4690ef223dba23ae0993d95c6f36325b7,polygon,69,381,22.11%
562,0xb42b583709239c87308596bb5d30d826213f8fa7,polygon,10,55,22.11%
563,0xbd59b08acc922644a719af570dc0902686ea83b8,polygon,1262,6966,22.10%
564,0x54562c200ecdc5a416ce2a661387beeeae58dfbe,polygon,1114,6158,22.08%
565,0xe1b601dd7c179481b4830a3aa73da39a83f44f8b,polygon,11,61,22.00%
566,0xd7024b6e7ceda3848708897511c187607827c6d4,polygon,11,50,22.00%
567,0xeeb9565c8d8db8aeb3448d6ec75e7a7d6c96bda6,polygon,1097,6022,21.94%
568,0x6347f15d4337daf377c332d7cae7663086925648,polygon,55,306,21.91%
569,0xd96f342392dc3da1ef160a19d3562611219cb56d,polygon,10,56,21.91%
570,0xa88c5bc0def1c87d3bd9de174978cdae0e0d0d8e,polygon,873,4636,21.82%
571,0xf53a69e7b19d3a92ceae7efb9c621d01d5ab365a,polygon,10,46,21.74%
572,0x67669e21b68118480fe5e693b70ac27ed1482a0e,polygon,5,23,21.72%
573,0x64bcca4ba670cb6777faf79a2406f655d85cf402,polygon,1708,9578,21.70%
574,0x467d4361baf24c00be10d68ae9c687315298ad67,polygon,21,97,21.68%
575,0x8eab61672de587b557d17a8689133ecf8845165e,polygon,188,1052,21.64%
576,0x2ab3d2e7c32b544b9e77d339d568a91ea1a2885d,polygon,100,462,21.63%
577,0x78abf0cbae4d8d8e7c7611ae95378239388add16,polygon,22,118,21.58%
578,0x43b5ef44363b056fe313cdbf948c239aeb81a69b,polygon,50,282,21.55%
579,0x5c52d1ee87d175ee71d444a90fd63cedea7bea53,polygon,16,85,21.54%
580,0x356ee97d7d560af2e97e9f9eee56b2e09d60e6f5,polygon,1659,9322,21.54%
581,0x5a72bfaf8dd5b251bd008fdc0b4656319ac0509b,polygon,208,1181,21.38%
582,0xf2c5919aa87823ae2d04017c3bd8db1535114222,polygon,26,143,21.36%
583,0x213398b42fa9f344574f9964a6b0774f52b393c6,polygon,2135,12121,21.35%
584,0x0f262853a5a3baecb7a4407b6bc0812d3e3360d8,ethereum,111,521,21.31%
585,0xa6a17938aefb2f237ede623e0a9a8daa7db4de8f,polygon,10,47,21.30%
586,0xfb250cd4d8f16ae39b676192d59d8ad35a9e7031,polygon,5,24,21.03%
587,0x4e648ef5a384381069a1b04b621c41c5a725eea7,polygon,21,116,21.00%
588,0x3aecd5fded57227ceee4258921f393c098a79902,polygon,35,203,20.89%
589,0xd449a5eee2c5bc7be0913379bd051c4ced10307b,polygon,1,6,20.83%
590,0x8f114a9696ce8963abb352a2ca6be6202f077c7b,polygon,55,320,20.76%
591,0xe54229a2ef87c4fc770b66d02ae10164f571c837,polygon,5,24,20.71%
592,0xf4e3edbeecbdc992b97b478e0df0e0dbe1a168b7,polygon,5,29,20.69%
593,0x5ea61c2d641faf0368deb0c0790dd6a4ee8b23ff,polygon,31,150,20.67%
594,0xede22f27ce728ade385eea6b02f360b8f8328ba9,polygon,7,36,20.65%
595,0xe07e487d5a5e1098bbb4d259dac5ef83ae273f4e,polygon,3579,20942,20.61%
596,0x34be6bb3f0d3db56f76c7d8722407f61a8d44e46,polygon,2061,12055,20.61%
597,0x4f6505f78dbac4a235f775e5a89efc2ccb882a11,ethereum,196,952,20.58%
598,0x816ae4dcfa8e7177ebd22e530ffde887069a991a,polygon,15,83,20.55%
599,0x57ee5c768481a3e02f0c78d1d774c1ac89e46cfc,polygon,821,4771,20.52%
600,0x30aad763e15cb6b4071a4d884e956797172cae42,polygon,21,123,20.51%
601,0xe4724b6686dc792a816c229deb067e390b006ee2,polygon,41,231,20.50%
602,0x10ed98cc77e8e621fcd9fc7e28e48174f29d7db9,polygon,3267,19242,20.44%
603,0xdead574a31b1c5cec59534808a37f522c3149fa8,polygon,5,24,20.41%
604,0x088884cedbe9d48b9fb60de6e5e18a5cbb3e66a2,polygon,10,59,20.41%
605,0xead96f6860684e8252f6e22f30006a5c92141f89,polygon,55,275,20.37%
606,0xf614ddc260c8e72efd5aec92e3a4e3ecc4c2a116,polygon,5,25,20.35%
607,0x41bd4df299bb6d816368305d15177f796cad1768,polygon,203,1202,20.32%
608,0x0f35af1184282eaffe1304c5f98158175f7f5889,polygon,2032,12026,20.32%
609,0xf3adcd101b480712ddd55c638650c0edf7b1157c,polygon,5,25,20.27%
610,0xec8b9d178c1d0c169115e746c9e8c12221d3ad5a,polygon,262,1555,20.26%
611,0xb2f8c1dd0effbfe3325d8f9a6b37b5aaf3154225,polygon,1000,4937,20.26%
612,0xe43391db6dd424b3dd6a0e5aa816be9d9792ae5d,polygon,510,3031,20.23%
613,0x1bc6955e458927b30eeeb6dace42887798e69b3b,polygon,636,3750,20.23%
614,0x24f2e56c2a576d71b997b4cba8fd555ad39eac84,polygon,78,454,20.22%
615,0xfaa549ecc9500e5a197fff0c2833166edc6142c4,polygon,76,447,20.16%
616,0x7512ab47bf5ac26572d1f4c328dca34357469296,polygon,21,124,20.16%
617,0x8bde47593d3a6c07f726281dd80b68a8a27a40a3,polygon,1813,10807,20.14%
618,0xb6fa0d615dd0338825e10da7efa069977c974d8c,polygon,4028,24022,20.14%
619,0xd02f0bf3ca487ef4965a99a8e4a5382eafe20526,polygon,1,6,20.13%
620,0xa01742244e0c85c370db641587ea18f838a111a4,polygon,1,5,20.12%
621,0xa57d294c3a11fb542d524062ae4c5100e0e373ec,polygon,10,60,20.07%
622,0x523ec87a55755695f7b4eb18b96f7e2d0943367f,polygon,10,50,20.06%
623,0xb5440dcbdd87288a761be817628fa342ec1e07a6,ethereum,5,25,20.00%
624,0x9d7751fd09f57c278995a011d09598fbd61a8231,polygon,5,25,20.00%
625,0xbafe6495e9bcbb78f3534a60980c3aadba74157b,avalanche,5,25,20.00%
626,0x817a3d50a339c42f7f4cb732320883ef4148ca6e,polygon,5,25,20.00%
627,0x7f8ffc8d519043574d6ee5065dd40d3d9fd1b826,polygon,10,60,20.00%
628,0x8cccfa7b9ec9076b76041940d7835bc0a4488c6e,polygon,10,50,20.00%
629,0x79af8860f2d8fec8d17b4744e3f8c6be2871baf5,polygon,10,50,20.00%
630,0xa914266aa9319cffb769c698cb475207f6583bd9,polygon,10,60,20.00%
631,0x486f809e9e8c7f2d1c4e5957ca69e83a745e9ac2,polygon,10,60,20.00%
632,0xf14dc647ce229713d4c80ac934a2a3b1af1fa7c9,polygon,1,5,20.00%
633,0xeff96b4be9cf6738be1742576b1fad38ccd5f6a9,polygon,1,5,20.00%
634,0x48e552223e3169dcab0ecbd85e2a99e9c0fe3f62,polygon,1,5,20.00%
635,0xf43541f6d8d1118a0b310d8c72e216816f58874b,polygon,10,50,20.00%
636,0x57287c8e6fb7949f55bab70cea02fcefcd16003c,polygon,5,30,20.00%
637,0x81bfe98a58d0b5d0d8cb3a889419a1550b23c892,polygon,20,100,20.00%
638,0xba28ba2d2d54ed940a2873bf523d014653a715c0,polygon,5,30,20.00%
639,0x35d1a6a1a00096183c34503e1750f5228c4f7d9e,polygon,10,50,20.00%
640,0xa9cc1030e91de825cde907c6d07f09c4ba5c9384,polygon,10,50,20.00%
641,0x2e3ea414f5672ef221e7fca0b72c48bf03d36b6f,polygon,10,50,20.00%
642,0x7029d4e486264062c7c84e876f56441796cb80d9,polygon,10,60,20.00%
643,0x2bd041f15a5dbfe1b9c4b21610ea05e58efdafae,polygon,10,50,20.00%
644,0xf7659d2dd7cb7ee75a0ed22fcd68c5d3375e01b6,polygon,10,50,20.00%
645,0x718bdcd0f5020f3ab91e6e6d9832b31bc6ad02c9,polygon,10,50,20.00%
646,0xa13b1b8cc5893b5ef090ec20a356faea12a13a09,polygon,10,60,20.00%
647,0xeb7dff2aefa350c2b96509053f3376bc1e4eb887,avalanche,10,50,20.00%
648,0x2791da0c100727a0b6428e08c08b253bb97313f7,avalanche,1,6,19.98%
649,0x30172807c643771939a5766f3ae410b142d03696,polygon,20,120,19.92%
650,0x32ad379d17a523c79cba370a2bd645637ed4f4af,polygon,100,588,19.82%
651,0x454e03bed1c6623f487708ff8bfd0cf1387dab32,polygon,2636,15948,19.80%
652,0xc7f7b55b64a21dd819723980f3bfdf57634a5cc3,polygon,333,2015,19.80%
653,0xba3cf2012a1a54b69b40b60ba586efadf6efb04a,polygon,161,976,19.75%
654,0x0f40a1082ef660b4596e2e79bab42aad4af539ed,polygon,1773,10773,19.70%
655,0x93d86966a552764dc401c97e3e6edd1066def400,polygon,439,2669,19.69%
656,0x84121b97942655c622f8105bb499a7b9cb2718be,polygon,264,1607,19.66%
657,0x1f8eb576eac7f73ce8dcfee850ff410ba495c3a7,polygon,15,76,19.63%
658,0x8df68cd876173fc5de3054151e878f2645e02c01,polygon,1767,10748,19.63%
659,0x2686886288ad4ef96ab4c9181e8ae1b889aaa539,polygon,428,2610,19.62%
660,0x5fefcda7f8f830c3796a9885f281a110cc1f314b,polygon,5,26,19.61%
661,0x56a07d0745785682950742ab55247330c80b5a5d,polygon,6553,39880,19.58%
662,0x96d0b063007c0a9e2a4214498e318ca54ae69139,polygon,5,26,19.42%
663,0x532250b0347a2fe99c200363f28b39566d124935,polygon,1,5,19.42%
664,0x2e9b07034a984e1e6204136a8787db3acb4db0e4,polygon,185,1138,19.41%
665,0xc91f3b1a4c89391b2f89810617717d9fa7f59921,polygon,240,1469,19.38%
666,0xb88bcae34f8c02c82a152aec1b4e34d7d4dd6254,polygon,5,26,19.35%
667,0x65bd6b75f144d03356b72834b7b2c3b0b52200a4,polygon,1934,11921,19.34%
668,0x31efa403b983a83900d82ab063f915103ddd575a,polygon,154,951,19.31%
669,0x4a219e9f193347542d4ab38985c1b448f61ee15e,polygon,3571,22072,19.26%
670,0x0c46410076a3a2d5d5bc34de92f03a2ba1c30cb9,polygon,4066,25182,19.25%
671,0xecafb9b26ffa67919de5322777e6571d84215dfd,polygon,15,93,19.24%
672,0xf01fc72364eb1ee032d468976c584ddd2e5dbf19,polygon,20,124,19.24%
673,0x8abaf5733742b1506f6a1255de0e37aec76b7940,polygon,1323,8181,19.12%
674,0xdd45ca901067d65860b54d4310e37371cd92fb09,ethereum,477,2700,19.08%
675,0x48b49637c807e7682445910f5a9a1bb693cbcdd0,polygon,5,26,19.06%
676,0xb5ae2c93b57e54b300ce770d374949b283c8737b,polygon,190,1189,19.02%
677,0x1b07bf73690dfcb332e3e554df49c5314abe5a79,ethereum,38,200,19.00%
678,0x0857d7771aa13a0988f7aac9d72bfeea6b69d73c,polygon,64,396,18.99%
679,0x16daad48d1b8e8c1af7ac7abf6bc0d01450f2db0,polygon,1892,11891,18.92%
680,0xa0b038b22ce84eae04acdb4cf8d9a4612efad033,polygon,1308,8224,18.91%
681,0x513c09b8cd93bd366b73bc078267ec1c8b5923ed,polygon,1695,10689,18.83%
682,0x3e9ee38ce9507adbfc498bcede74797d794fed86,polygon,10,58,18.81%
683,0x097a877ef27b1d7d0c63d10db3eefc3753aaca7c,polygon,99,626,18.80%
684,0xb176497c102f6cb1aa64a9de684108db018d5123,polygon,1253,7927,18.75%
685,0xe614e406c4494353cbd8843e6843a1f9a2859956,polygon,1686,10680,18.73%
686,0x43d2129b39afc2c7e4fd33a1371104ba2fdcd7d0,polygon,1682,10676,18.69%
687,0xf5a502f771aeceebd98032fbb570594ffca3dbbb,polygon,202,1287,18.62%
688,0xf6210c444a1b0a4cd0946fb4b40a259ed6b3f699,polygon,130,829,18.61%
689,0xdd0623a4113dcf4d64c2a5b26dd38711e4eefaf6,polygon,76,485,18.60%
690,0xb3412a244bc6349fe4c38efa343e8b566db9cfbe,polygon,1168,7448,18.55%
691,0x1b0e516c13c6bf4d7bf9784d8a85467f96f0aa4f,polygon,10,54,18.52%
692,0x6fcec5d08f585fba9e08d188031b5b97730908c3,polygon,5,32,18.52%
693,0x714a97969a3ac9e25b661c824adb9ad01a94a040,polygon,10,64,18.51%
694,0x560a9b19abddf392347acf1029fcc25829ecf26d,polygon,220,1410,18.47%
695,0xfd5a8472c5fc98cd91a716a3205a6b407730d388,polygon,4685,30193,18.37%
696,0xff253f74a8ef104c1fedcb99442a1421cbc285fc,polygon,11,71,18.33%
697,0xcdabd291cbbf36488a649dc240fa5b5c648377d2,ethereum,355,1948,18.32%
698,0x5472b638c786ec88bd44e2aeadeb96c347b596da,polygon,479,3097,18.29%
699,0x940029ebf6d0c4aade9c8bc118901701886b8664,avalanche,55,356,18.25%
700,0x65d3c91a60c0953247a1fb0806d5078032e33803,polygon,63,409,18.23%
701,0x52a427699a5d5cd5165c7973c0073b403f6b7fb3,polygon,1822,11816,18.22%
702,0x536a510d175fee56d7e2b1328715b601ad0bc64c,polygon,702,4472,18.19%
703,0xbbb5adb318a2ee691ad9917594fbf064206a79b1,polygon,6,33,18.18%
704,0x704b70902e88e3f3fca34cef58f685aff6c338d9,polygon,1626,10625,18.07%
705,0xef9f5075ba501e65467bd878ae8b27d8c72aad3d,polygon,1798,11795,17.98%
706,0xc8fec7d6eddce3799faa4a71b3aa993cdf17a217,polygon,461,3001,17.93%
707,0xf0e3e5cba62df1883acaa79bda50c048fb0339b3,polygon,1793,11788,17.93%
708,0x8963086e11bcf060b75953bbc72ea31549693855,polygon,1797,11759,17.93%
709,0xfb11989e1f4967bcbc5c4f7742907f8773239704,polygon,103,678,17.91%
710,0x599ed10fdea23e5c968ea1de7832011dbc7c9b22,polygon,179,1179,17.90%
711,0x187ef37ac7942be5d1d21a892488e627ad81a9d0,polygon,308,2031,17.88%
712,0x1bc6ffc45985ab5baee5a5f20125281ed5903d8d,polygon,20,112,17.88%
713,0xea1528355f669b0b4c462fb2548d56f870916738,polygon,1786,11770,17.86%
714,0xe6d0d58cacc18a71f31ca7f0ae11350be9c88de3,polygon,5,33,17.86%
715,0xa02a1b6cdb290720596dae852b70cb231d1afe93,polygon,15,99,17.86%
716,0x06bc9130c167901cfb6995db08dcb54c802ec29c,polygon,5,33,17.86%
717,0xb10a1a1eee129192ee492c6206f23abb379e0add,polygon,5,33,17.86%
718,0x2ea1e2c2da2d31f271358e64a7e0feefaed607e4,polygon,50,330,17.83%
719,0x5e665df2d8ed079abea359be319f92d2ea6fd354,polygon,1781,11766,17.81%
720,0xe99d27c9b3bd08de7f051e516580c93937c5ec7c,polygon,177,1172,17.79%
721,0x3572ca5a03f64c056af5fa0a3499d0138e805f38,polygon,52,345,17.76%
722,0xa512077209b0a48c4dc28cbdc19e382ac97c9b6e,polygon,1598,10597,17.76%
723,0xbce8908841e389f6434819ea97db91246b29b44c,polygon,5,33,17.75%
724,0x853afef7a321712dd18a4964a6f10150798a4b9f,polygon,539,3583,17.70%
725,0x8c32d03522edc1697d0db33b4d32e6b7c0d21e65,polygon,1506,10000,17.70%
726,0xa8afffdffb30c29db59788d357d778dd4210feea,polygon,3462,23064,17.66%
727,0x7ca5b9fd78f0d7db24620a6c51da3cc1a8d30898,polygon,150,1001,17.63%
728,0x51de0165e98160c59a2b90c436e65762fa1aa5b8,polygon,1585,10579,17.61%
729,0xec64a2a41a2c6ac971a835d57188b103171447d7,ethereum,44,250,17.60%
730,0xd85ab95d7fb9da1720b705a0f5b928963bf21e75,polygon,10,57,17.57%
731,0x45a117fbf330559c79b26a6127a665f38533f3d5,polygon,30,201,17.54%
732,0x3e1ff895fd5a1d9c284060e8866d9a647f55ac55,polygon,16,107,17.51%
733,0x00515e4f8a5c52a526f48c3ea07238143e2c04fc,polygon,73,491,17.47%
734,0x1db86cf20757dd4944788933ca4a6c6356b7defe,polygon,38,246,17.47%
735,0x0ce54130c12b04e783473f98866f8736bda0b24a,polygon,4317,29019,17.47%
736,0xa92a34360ff605a7012e946e148b86cf0923eab2,polygon,3737,25125,17.46%
737,0x726fa4535bb86e7c13509f5134bca67cc732ea38,polygon,1570,10564,17.44%
738,0x7a4d0fa30b65e7b79a209af4d7dd03fb971d0d21,polygon,33,191,17.42%
739,0xc7e36bc2f80543b6c244b147606f9501da6c6561,polygon,3005,20305,17.37%
740,0x77511e047a3bafa205ed839f5af56f0b99341c26,ethereum,707,4072,17.36%
741,0x2f173955c427e0c7cd12253fe437c726efc22fa6,polygon,1559,10550,17.32%
742,0x16e3a8d05dd429c603ea88d5c898d822ac5a7469,polygon,21,142,17.30%
743,0xd43f3716cbb9386352880a9bd52f7f07ac01752b,polygon,833,5636,17.29%
744,0x59ef72f40c051d30ab9f2ad08dc65a285f0e9b34,polygon,1731,11734,17.28%
745,0x8bfd0e8be4510b677f9b7fb14b98d5ca246b069a,polygon,106,615,17.24%
746,0x758e3846ca100ae6012174ab4f5d9ebd68dd9769,polygon,47,295,17.20%
747,0x8d5b40d109e928ff095ce8ff2f49025142b15e16,polygon,2286,15581,17.19%
748,0x5d59ec45d49be6cda10fd82fa4794baaad062aad,polygon,88,600,17.18%
749,0x818346bbd23dd1e74c326c2e23659055edc56ec8,polygon,56,382,17.18%
750,0x0d66982933dea66b7cc54354f6d04d41c1b1ef07,polygon,10,58,17.10%
751,0x765364e286988305f5b2ba8a6f12a4fd8a15a19e,polygon,112,738,17.07%
752,0x2daa9036933f1dae2e4de49824b23f63c0b970ed,polygon,1532,10527,17.02%
753,0xcded63761b601f817fc8c7b4a03f15328e45f448,polygon,17,117,17.00%
754,0x044b1610a2a650307b08508cea229cc0da20699e,polygon,17,100,17.00%
755,0xe42f92a3a36a2ac5a5c8af3ab82335d16bf5f111,polygon,17,117,17.00%
756,0x512a519a8c6b35b6af39c3a6d219c56ab380da13,polygon,292,2012,16.98%
757,0x1ef59c1ca138abad53d3a5aa3b26cd8be39b0156,polygon,10,69,16.97%
758,0xaf90670c538f9fbe02a5a0c42fe6bce124b4befc,polygon,10,59,16.95%
759,0x731beb865327ba99b3b53a17cc0beb4ca7db7713,polygon,1693,11678,16.93%
760,0x42f3a946dc469e90e14c2f907b9d0aea35fdb9ea,polygon,244,1688,16.90%
761,0x2ebe0b56db4e962a9a61c2e5301afeba89b84d87,polygon,404,2795,16.89%
762,0xd10d479a61024577344d7cf1ecc1431e221e983d,polygon,25,148,16.89%
763,0xabc5d3d83cac7ed1e83d5976cfea6943b71fd519,polygon,5,35,16.89%
764,0xc0375c935235c270946b888c62a92af53dc91d21,polygon,5,30,16.87%
765,0xbc1dce42d2629bccc78fc7c3ff499a0ac17161af,polygon,1686,11680,16.86%
766,0xf1134868b55a1a448dd7f9ceed943a5f354b1c37,polygon,143,993,16.82%
767,0x6c6e4f9df6644afa8a526b57b7844141282d4144,polygon,10,60,16.80%
768,0x6ea37ed3c988c215957fcdeb7c381fd827b9bf5c,polygon,876,6097,16.78%
769,0x0d963a2fff5bc62d7ab0ed3ae0a169651c059e34,polygon,10,70,16.73%
770,0xdb7d45974bce9cbfaab6db7153ada204b2ea632c,polygon,1506,10505,16.73%
771,0x0ffe20f22cfc67ad449a471ef40a12d9593dbb5c,polygon,5,35,16.73%
772,0x8d70d01e2641bec3f42c934cb04699e790cd0941,polygon,17,114,16.72%
773,0x56dd5011bbe71ab5397f78147f941706d35320ae,polygon,5,30,16.67%
774,0xe59aaa24a8953486772910c6586222c0e37c94c5,polygon,25,155,16.67%
775,0x41c3838a1f87990f538abd86e31d031ca9dd4c63,polygon,1,6,16.67%
776,0x4e095bee4d0a306dc617f425d53b7d4dc538d933,polygon,5,30,16.67%
777,0x3b034e5680eb291cf7b60da0d9f788e656422572,polygon,5,35,16.67%
778,0x941f53c1487d393c91f0c8072914fce421bda120,polygon,5,35,16.67%
779,0x2e21ca7e6b0b1cbea673c9e272ccfd671ede606b,polygon,5,35,16.67%
780,0xda9c008c412a6922d515069f57e3125fb944f83c,polygon,203,1418,16.64%
781,0x684b3986666ec54ea3f9c3c75c7c16ee52a5ee6e,polygon,5,30,16.61%
782,0xd6f42acd3109bc3d6827cfafb16cbc996bf67171,polygon,5,30,16.57%
783,0x8e316c9149828624f9a470bc45d7015432df3637,polygon,1490,10490,16.56%
784,0xded0e76f559e39ff5dff607b0d58dcf86b0b58d9,polygon,2645,18631,16.54%
785,0x70144e5b5bbf464cff98d689254dc7c7223e01ab,polygon,1627,11452,16.52%
786,0xcef64ac8f0b66a75e799b52df041b637841475c5,polygon,262,1849,16.51%
787,0x5e4568c4d8343052a06ec8aab1e124af08b73248,polygon,34,240,16.49%
788,0x8b7230f45209306aee243cb0fee41438f1e15f94,polygon,10,71,16.47%
789,0x014d4a2048d3739121b28796596132273d658cc4,polygon,124,877,16.46%
790,0xcfddccb305eaa8fa1565f434b9dc489537cf18c2,polygon,2134,15000,16.43%
791,0xc989f812b597b9e8ed303764f7fc5d2aa4214ec4,polygon,30,213,16.38%
792,0xec87c0af91eedf4436efaae60602f24b9b948456,polygon,90,640,16.36%
793,0xd286b878f0c70119789d02b253f48577344cadac,polygon,1633,11632,16.33%
794,0xb013832ff0cc8d685a15f8645a8e0295404146a2,polygon,16,98,16.33%
795,0x595ffb4e0738f4976a82dc9cd5158ac1eecdebf1,polygon,15,107,16.31%
796,0x0d6c736d3ac5c68288d224b57be9759184468206,avalanche,50,307,16.29%
797,0xdaa070d909e010211606144ede5b2ca6864c2c1c,polygon,305,2177,16.29%
798,0xfbc7a55acc8c78cab981e233966b26f36f8f8199,polygon,5,31,16.23%
799,0xbea844caf56901a9f5980e65e73d973befec8b86,polygon,324,2319,16.20%
800,0x786e5f11f43c8e04990b07867bf8b150822420ea,polygon,416,2972,16.18%
801,0x9f3ef50ea64adad5b33f1f8222760cfbf42007f7,polygon,16,104,16.13%
802,0x9be06a9f5299752c5c56e280b2c1985267fe098a,polygon,60,426,16.13%
803,0x35287416764f1bdffe4d8db5c3f4d19a2b6053d4,polygon,21,150,16.13%
804,0xc58b1934697879c122d53fdb26a3a604292e993b,polygon,145,1044,16.12%
805,0x8f7e4f6e71f0b25a3af594292147da0eed5f80b0,polygon,394,2840,16.11%
806,0x8148e4bd8f81a477a21f2142edbaf4e0329911cf,polygon,3901,28259,16.00%
807,0xde01076afcc9b86592afb77b5856f7d653c19f94,polygon,16,100,16.00%
808,0xcb00f5f097c7610655725e292b044749c3160697,polygon,16,101,16.00%
809,0x8b3daad0185a25562f1f6288bcf7bc6b902e4482,polygon,16,115,16.00%
810,0x2faf617a5de41d8b7df85ff58bccec793ec71d72,polygon,1,6,16.00%
811,0xa8a551f0255346300f55eb134fb8574a4994a096,polygon,160,1160,16.00%
812,0x88960b58451328c289d30433e4d82c7d160c9dc3,polygon,40,250,16.00%
813,0x1b1df64c59d6eea61a90094afbf930d90caf8a5e,polygon,3199,23175,15.99%
814,0xe41b018a91a0299de5b285ca30f2a334bd452be6,polygon,169,1057,15.99%
815,0x238926025e84475e3182774df480021470f8f978,polygon,7761,56355,15.97%
816,0x2916b574fd7002bed7407c31403869fb008b4a14,polygon,30,218,15.97%
817,0xdb28781d22f9743729c6e45a8095029684800b10,polygon,5,31,15.93%
818,0x69aa4b1c616c9f2a08d57bc8809a199d07c978c0,polygon,158,1142,15.90%
819,0x268d64f79e5a11e62efbe0cb21e66698ae073b37,polygon,224,1609,15.88%
820,0xac73e8314fa9bf082fc4cebf599b5701e162f95a,polygon,619,4483,15.87%
821,0x5c3b8213fc685cf2087497740aa2b0cdc3397ff1,polygon,15,110,15.79%
822,0xede94152aeed971454e790ab68718f6a795f1335,polygon,5,32,15.74%
823,0xd888f893dd9dec3d063125391a4631ac9589b280,polygon,211,1554,15.71%
824,0x2a2a054e06550d0ac4d326178faccb516561a4cd,polygon,157,1157,15.70%
825,0x85a932d210e893c3842029148dd18d60c3281763,polygon,627,4546,15.67%
826,0x3528e0a8893502aad15796e7ac346ce9d49de57c,polygon,47,300,15.67%
827,0xaedc687fa5376d2fe9d4b81ebfc8c2ba30ba54ae,polygon,136,995,15.65%
828,0x0f262853a5a3baecb7a4407b6bc0812d3e3360d8,polygon,685,4981,15.64%
829,0xa1d0ad6ec440a34f10e8a1658918d22c3ff49db4,polygon,286,2124,15.56%
830,0x8234c8b268ebd274edc469e219e3ea37951d2e8f,polygon,1551,11521,15.56%
831,0x8374d4373fb859e4e4acc553c0115605258ce7ef,polygon,52,387,15.52%
832,0x5cac53e0db0436ffabeac77570a1e02b49a809cf,polygon,18,134,15.50%
833,0x60ec36607eb7db54b30cfb867cb440184307a38a,polygon,149,1107,15.47%
834,0xa06f0ce631da69798412f943dc2f607fb0a27786,polygon,79,590,15.47%
835,0x4f1519f76b95107ae47083263f0de50914001875,polygon,18,134,15.45%
836,0x7998bcb66e51a49be8e31a31b957bcd02c8ded6e,ethereum,636,4118,15.45%
837,0x915dfe99d1ef2428918edc26855c458cd4a51bb9,polygon,2465,18439,15.43%
838,0x093c64757a2a61d88cf4a71f5851f1c2ca2feea9,polygon,290,2170,15.43%
839,0xe21035c21b6364630244f2c5d7427162dcffd403,polygon,1131,7470,15.41%
840,0x3e4d4812445f563b29a2221f4f58e4c8d3159f41,polygon,1539,11533,15.39%
841,0x7482b336283041386942fc106fd47f99976d1a06,polygon,70,525,15.39%
842,0x4b038c393c79130522dac3dfe7fc9a5a42e460d8,polygon,16,110,15.37%
843,0x858d669c68397fb3303c8ce1743f705544a0df96,polygon,20,150,15.35%
844,0x6146fa97072825981cd6648bb99ca5661a0b798b,polygon,1534,11526,15.34%
845,0xb1af13b2e4be55ca69829a23c09a1f5663adf8d0,ethereum,728,4757,15.30%
846,0xccbf77d00462334744592d855b1819d4ded29dbc,polygon,612,4550,15.30%
847,0x994db2e89a886a80c5495accfdb18e733b434a2b,polygon,3151,23623,15.26%
848,0x0800747dd7b1308c9f124328921ed796fe9ace89,polygon,1503,11377,15.21%
849,0x70f609976e161581bdeae063cc0c915a9074099e,polygon,53,393,15.16%
850,0x7488d3f08a6c7acd586a7509c6d1dbd018ca707f,polygon,5,33,15.12%
851,0xf7b34b89b2261e31fc0ad6ab6210adc51b6fc9b6,ethereum,612,4461,15.11%
852,0xfefc249771de0fb759fc91a5ec60e7ce586a79fb,polygon,108,824,15.08%
853,0xc79cbc8400617c9908694fe2bcd1fe2f93c31ef6,polygon,2412,18409,15.07%
854,0x25409b41c22cb6b457d5f6e4a0b84c7c8f7693ee,polygon,16,122,15.07%
855,0x7092fdbc448698461a3ae98488c35568f368e0ad,polygon,1507,11398,15.07%
856,0x0af9db3ae05e6b51781d6bb7763ca42af50c7776,polygon,540,4128,15.05%
857,0x422d58a86e7ebc9e0d6308f732c58db398e00aa9,polygon,126,953,15.03%
858,0x7d568306e1157a92ea4e0d7774575b7e7e6f53b5,polygon,5,33,15.03%
859,0xde58096b3898662e6688c34629fe1942f8cdeff3,polygon,1501,11487,15.00%
860,0xb588ecec91e33c14a7ae52f6a2e859fd77d5c673,polygon,15,113,15.00%
861,0x70d82c59fda64e46917f88bae781ca388d138e9c,ethereum,15,100,15.00%
862,0xc79f6cd904f1d92fdaeed2c98119245132544949,polygon,15,110,15.00%
863,0x638c0aa4dc7326c35b19f924706e4e5a1bbfc1b6,polygon,687,5263,15.00%
864,0x12bec316f8a752ddb032e343747b2cdbe363a0a4,polygon,100,767,14.99%
865,0x4ef1f62ff21522c3ba9197a7ced991291cc49924,polygon,28,215,14.99%
866,0x5b5d6d2cd7ab7708b7cc8131902aa355070f45dc,polygon,1677,12882,14.97%
867,0x202b1ac04b90bbe9d53422608ce73a882c75ecdf,polygon,15,115,14.95%
868,0xb3313578fce477440fa1c71456131ed992cd5c3e,polygon,2387,18356,14.95%
869,0x388189bfbc2851d1e0ba6c0ebfcd99bf3fb29c0b,polygon,2391,18385,14.94%
870,0x7e46796beef510cfd3fc830e30d56b427f9a4518,polygon,5,33,14.94%
871,0x626924b59a246efdb551e56ab61c547485ce38fc,polygon,343,2640,14.93%
872,0xe9dcfd5650a7429254486487b195afe91761b80c,polygon,1493,11489,14.93%
873,0x4971c2d9bfce50de9485bdc1c56f7dd4c458dee1,polygon,242,1865,14.91%
874,0x63f59dfe5a12be4ecab6ad0ecca568531077af42,polygon,508,3916,14.91%
875,0x36d20ca87ecf77f2bd717f7288fe1d2cf842c2c1,polygon,163,1257,14.90%
876,0x9adfd762d997bd382028a579bb68bdd49d97493c,polygon,5,34,14.89%
877,0x11cc0e44845566b46a88481ee6291e396db53b54,polygon,50,375,14.88%
878,0x322fba804a8fcb91bccf842084385b1b1b0d9891,polygon,1535,11840,14.87%
879,0x44e284ed02bff29cd24a817d6ba9bb11e26ee1ff,polygon,1268,9797,14.86%
880,0xe573cdfaf64f557cba2dac9ec45548c734105f9d,polygon,2962,22953,14.81%
881,0xa17574a42b5ec99b4c668ea04ca828a43b25045d,polygon,1776,13722,14.78%
882,0xaa21a7a5c8bfc5017054115a2d11475b44b013f0,polygon,1771,13715,14.76%
883,0xec387f9748d93c674ddc72dce9823efd2250def8,polygon,216,1680,14.75%
884,0x9a77e4fc6dfa4cf7070e9ef31f8837475ea30f8e,polygon,16,124,14.75%
885,0xd1c04737c664b1baae54021fdbd22b9841c5d9dc,polygon,2212,15472,14.75%
886,0x54291d14e7b1c33abe9d59765b065a2f782b202b,polygon,583,4548,14.70%
887,0xe5767edb4204655d4fde114f3c9ec95737c20c56,polygon,731,5714,14.67%
888,0xb5cbf190fabe24d619b0d8a5b03f6bf0d10144d2,polygon,143,1120,14.64%
889,0x4dd5566f453b7b57c0f1630e7a8c82bda8c75687,polygon,38,283,14.64%
890,0x608f101a7b3f97992d39e2ae44f8a660062de935,polygon,5,34,14.63%
891,0x005ca2155ee478d0ca33916d9f7df36d1490ce1f,polygon,1462,11458,14.62%
892,0xcd43406fabcab5de9d46fcf18ecc0cd89a94d0ce,polygon,1558,12236,14.59%
893,0x857084a34a0ba5d5b2fc7f19f633d3ff4ccec51a,polygon,51,401,14.59%
894,0x0c54145f815ab79d27642bfd059c24244773d17f,polygon,59,459,14.58%
895,0xef18e1280f89a21f974d323e80910ae2bc9e3edf,polygon,15,113,14.56%
896,0x99be747c1aab70f6c185ae2b5a38fb3e0833055b,polygon,10,69,14.56%
897,0x34c782901ec5cbfa5748c4b3064909da42111f35,polygon,2910,22899,14.55%
898,0x77e3023b8dc005ac149ecd4fbf2149d061670a50,polygon,5,34,14.54%
899,0xa37b8ce965d9a3f2b9df5cffe5626e6c68215b01,polygon,1451,11446,14.51%
900,0xfd1da8fd51f577da173a759d2ce9d5d8919adbac,polygon,21,166,14.51%
901,0xfe6a2f082a402d08e2b5e25d230407a905db2bc3,polygon,170,1332,14.51%
902,0xaa8a19d6bf655bfa3c448248ad2482d05bab6f98,polygon,1291,10196,14.49%
903,0x92b33b117d44b16e42b1e12c392916e496d8f575,polygon,10,79,14.49%
904,0x659c1ffcdb00fc4dfde97257c68b7b1408be85a0,polygon,1555,11873,14.48%
905,0x8ac29cd5d9ce3ab16ce1902323c762a22972f330,polygon,2314,18293,14.48%
906,0xb33084931b1743236c61a3e8f0b51972707f5b00,polygon,30,227,14.47%
907,0x79f01dac700701d12c49ac0792ad66479c5633dc,polygon,55,435,14.47%
908,0x7a0ca2021203233a8fa3d5abedd00e1598842d0e,polygon,965,7376,14.44%
909,0x6606677c4b5181786b0eea37895e7db9ac053390,polygon,642,5000,14.43%
910,0x35ac132ea0d1cff38ec7defab7240c088131d93b,polygon,80,624,14.40%
911,0xb89f354fc48c1edc490c9ef06f243caca727065f,ethereum,18,125,14.40%
912,0x256646ebe34336eb79ffcd5cf9d5500e55263756,polygon,15,119,14.40%
913,0x27dfa6ba1dd770a675791c528d0346885cee982f,polygon,216,1716,14.40%
914,0x0816ee59daf17db9eb8a3ad6e719b2d762400111,polygon,144,1143,14.40%
915,0x30c9783f1c7d8526b33d55fc03905acd6440eaac,polygon,72,572,14.40%
916,0xd512c730b842e2cc3284b71f217b00433cfee8ca,polygon,25,194,14.40%
917,0x484e5849ac667a1856e4b9c258b71f4d5cd48301,polygon,359,2859,14.36%
918,0xdd582a9afa3e1410a005d9a4902dfd388d0360af,polygon,26,207,14.34%
919,0x75db28c2f008b8aa8f65195b1dfc81026e019b6a,polygon,1434,11423,14.34%
920,0x2a7d165dfb723cea385b9859a40c5465a5573488,polygon,1514,11941,14.33%
921,0x66c184dcfdbbb4a1e95ae2feb7890f539f5f8429,polygon,20,160,14.33%
922,0x577b860fd66e81e7c656b851bdb4e8384a9df319,polygon,2291,18277,14.33%
923,0xc170394d437d1d3f0e1f4f47041414c01629c838,polygon,80,559,14.30%
924,0x80d508898ae8098abfded871e9ea75d624aae3dd,polygon,168,1343,14.30%
925,0xfbcfd0a67bbc544ff547d04d28b8ff1ea4b9d116,polygon,500,3997,14.30%
926,0x021fc106f451d221eae311b01174e23eaa96ade9,polygon,5,35,14.29%
927,0x99fd11637d1bec1079a45117dbce2552b72acdb9,polygon,5,40,14.29%
928,0x20bf082a4040649ab641fd3b470ad00a3ce1a935,polygon,6,48,14.29%
929,0xe1d2657c8c63b0be896cf801d343e93821a6579c,avalanche,5,35,14.29%
930,0x141bce81a0ed9d03a667f089c1a21787b0561446,polygon,1426,11425,14.26%
931,0x995514150da40cc16dc536d1deb566af0978999a,polygon,1530,12257,14.24%
932,0x2ba5aee6c226f971306dd244d131f55d1813f25a,polygon,15,115,14.24%
933,0xfdb404f42e2cf7edfe22fc7798a721b651d7f1c0,polygon,1149,9188,14.18%
934,0x16059b9a2a85dc6a692784e14a7e15a82ef87905,polygon,21,169,14.16%
935,0x88e3db8b8675e31dbc03f1151438deaf4aa7ca51,polygon,673,5420,14.16%
936,0x554ba0cf257f62f9e4ce7647c1163ef0d877a0b9,polygon,311,2511,14.14%
937,0x851778371b57163466e7b0e6df1feb3fc5a27095,polygon,300,2426,14.11%
938,0xcd8a8b8988a56c6aac8c42a592610ce2503ee0fd,polygon,157,1270,14.11%
939,0x4eac7644b1872c0d3bda1667c6657a06f5e46489,polygon,16,124,14.10%
940,0xffa5457c3b8248d6099ecfb07012218be348de48,polygon,11,89,14.09%
941,0x5070ac7735d22ef7ee561ec064fac71d2ec7ba90,polygon,6,43,14.08%
942,0xf4333670146ed9744232913367793b07d83b6c11,polygon,1264,10254,14.04%
943,0xdae0061e2d8ae3246ba9df751118ef9aa9e77063,polygon,194,1576,14.04%
944,0x81e0e26616ee1ff383773ce6c7965eb50194d0ac,polygon,599,4871,14.02%
945,0x1b0665ce0acacf5d5ac970df33e8e8436aa11f37,polygon,26,212,13.98%
946,0x8ba797284ce42de84f03e59891e596fe2328547a,polygon,50,408,13.97%
947,0x650c1e71fd009dbd8344bb63a8727b538397b5d3,polygon,16,131,13.97%
948,0x5f370fc6a9fa3bd387c94423f122351051577b96,polygon,1397,11397,13.97%
949,0xdde74f034163192dd2170bb56b9cac2d45ce0a36,polygon,11,90,13.95%
950,0xde1c220d81e5081399f0c8734088cf5b2f60c125,avalanche,5,36,13.94%
951,0x03f7773c308d9e3792f786590f1eefcabc3681fd,polygon,2211,18077,13.93%
952,0xd57e21e5ba8a584dd377c30e44e2e3095adf7f5d,polygon,16,115,13.91%
953,0x6d98f6593fe7239bfbf23ccc21b1c97122cd95d3,polygon,2223,18209,13.90%
954,0x52cd795cffca6887f3500e83293464e5977cebfe,polygon,1389,11389,13.89%
955,0xb3aa7d930aea5de42c9e34f79e68b2408e49a634,polygon,15,123,13.89%
956,0xc49b2bd71f3283dd294dada5851b39cf9ef14abb,polygon,25,205,13.86%
957,0x1d981df942e55e2cf57da484eeef71df25e7ad42,polygon,20,164,13.85%
958,0xdb668948e1e96db9aa760d0ba2811f9904c50b7c,polygon,66,543,13.84%
959,0xc9a1171dc1aa89b1e6bdd2706f8a1e43dc68c3fa,polygon,10,82,13.80%
960,0x6ffcbea30114d74570f678e4ac017d4cf0c0417a,polygon,170,1403,13.79%
961,0x60a2f7f2d58db2d8c60870b3afd5cec44e7d9ad4,polygon,135,1114,13.79%
962,0x9aca6cf7828c5d2485f738ecd048b75db39ffdd6,polygon,51,370,13.78%
963,0x32e8ef420dba142fe391658ea79c0252d821beec,polygon,41,329,13.77%
964,0x773a17abfb65f63f342b6cec0da7e6e192ab11d2,polygon,413,3325,13.77%
965,0x4b68f75141cf2c567b56ee8093ec497b36e4b65a,polygon,110,799,13.76%
966,0x745eb6c0f9586e2da7ecd8450bd4ef96c149182d,polygon,11,91,13.75%
967,0x1cbcad072fa981f00518bcf6efe1480257dc2bc1,polygon,678,5600,13.75%
968,0x0c169be95426dbfcf0a3ce2e0f8a4482ed66b697,polygon,5,36,13.74%
969,0xdab787b1fd319222c4e50dd9a0f1ab1da7cc927c,polygon,30,239,13.70%
970,0x731408413fe68baa28b4ca7093d47fe422c9a724,polygon,2186,18148,13.69%
971,0x98d5c68b1cfc526720403a1176700b6cfb938982,polygon,5,37,13.68%
972,0x30d18bc825229be06303c91b4ab2d4a2c952e8af,polygon,20,166,13.67%
973,0xb6bd110c53267c04d695a22ac6ff4c8c3c2b8723,polygon,15,110,13.64%
974,0x8c6640728e75df626ee419f2e9461601fb02952a,polygon,6,50,13.64%
975,0x3f543e2bec898211feb7e3bb1b4ad6cd0926d657,polygon,473,3945,13.62%
976,0x9212fa3b1d0ac855684af18889d2180d741ca07d,ethereum,25,199,13.62%
977,0x51bef18b9534e8a4d1def2bc4168d46a66737716,polygon,5,37,13.60%
978,0xc6c9d802bc16d8746aafcac4781f9a8d442d585d,polygon,20,167,13.59%
979,0x549570473fc581fa2231070f800fef845300f9cd,polygon,151,1112,13.58%
980,0x79f94ae8a65b331afef665ad628fb2853c2ef307,polygon,11,92,13.57%
981,0x3e20c32e56d83f7c2b16b0531c7b28a5c49f768c,polygon,135,1130,13.57%
982,0x669a9e8dbd4dee43c61db02c0f1df2bd8f653579,polygon,1356,11351,13.56%
983,0xf3f851f28cfabc840dac74b4eca6f73fcabb7084,polygon,76,622,13.55%
984,0x5c14b681334cf37ba721b710dfd039b210fe3e9a,polygon,2702,22692,13.51%
985,0xdc3b7491414f0ca46121b7612cd271851cdb91fb,polygon,193,1602,13.50%
986,0x0a900d6700c2ac812fd99b259de14f8580417910,avalanche,15,111,13.50%
987,0xc1dd4964cb09b6040cfb56d3ee7c1b4413638014,polygon,27,200,13.50%
988,0xe8ce0a887bb383f457bcfa5fe7bab00103cdd2b1,polygon,1350,11344,13.50%
989,0xef5ad662a5a42c3023e009035ee235082800b924,polygon,10,84,13.49%
990,0x9abef0e98b38b01dc21c1153437337e8417aca1b,polygon,1220,10250,13.49%
991,0xe0a04f1acc637c123ddcd414fb33f3d2c35df534,polygon,10,84,13.49%
992,0x3c0c4d32749ddcb0a3e7dfabc223b8eab919d4f3,polygon,51,429,13.48%
993,0x69b552292fb5e71632bfecbd592c03d7998259ba,polygon,119,1002,13.48%
994,0x5f6fcec7c071ed5bd4fa821e7d8d85ad83c42d04,polygon,78,657,13.48%
995,0x1a201469d96f7d443e71ee3997efdd6f2ed33f50,polygon,52,386,13.46%
996,0xa21df89c3f7375ebe7381cc858e0aa0b7c83aee0,polygon,2012,16953,13.46%
997,0xe69317578b8975156a8e5867f3ca05ce064d84a7,polygon,2152,18151,13.45%
998,0x99b5ed7fc6c935845f0df907f7a882f30c3eaea4,polygon,85,717,13.45%
999,0xf7c8a4a99ba34b4744d08999dd017b5faa4d3378,polygon,1782,15052,13.42%
1000,0x242bb1368df45f3bff813d9d6cb4f3a077700429,polygon,134,1134,13.40%
1001,0x64a742d1cbf940af2c36b64dd900905d45f45d43,polygon,133,1126,13.37%
1002,0x197e338e1201790fc9f63233528eb71850f33f1f,polygon,42,336,13.36%
1003,0xb9b395644993bbfa4fe678a74b3dad65e6de2c75,polygon,400,3313,13.33%
1004,0xfbc7fec691e289e7a5762d6d8bf232ae4a3c2328,polygon,1130,9487,13.32%
1005,0x85d8187cb3c98a872c331cda680ee11212b8ca34,polygon,60,511,13.31%
1006,0x7e4d8e1de77d504349dbb5021561f44ca3ff8d83,polygon,4761,40538,13.31%
1007,0xcb0209f368ec0d67cfd70a5f8b868cd9bcb1242c,polygon,1329,11324,13.29%
1008,0x6196a49842671ebcef2698e0642e155b06264a30,polygon,58,495,13.28%
1009,0x4af2f22ec43a27d3a2120d8a338edb3876860b54,polygon,2121,18100,13.27%
1010,0x8609288e2a73a807e51ebabe5d876b8719e9a3fc,polygon,866,7321,13.25%
1011,0x798347fb75b7a5663f5d99de4b5a7998e4aaeab1,polygon,2529,21535,13.24%
1012,0x0057bd83a142da84b6404616c683e21e7dd6fa5f,polygon,6878,58227,13.24%
1013,0x6a47f49c6dd58aeb5188337a714e37ff4020a8e3,polygon,27,231,13.22%
1014,0x068b5698c9598a0e0ece95d81c68165c5771dbdd,polygon,48,411,13.22%
1015,0xc4ee2997ca9f482d5540ff69d74e67eca411ae7f,polygon,1586,13525,13.22%
1016,0x922b1ff7b510a621fcea2a19f963dcb50e58858b,polygon,5,38,13.21%
1017,0xa9c047918e3e14edc6923546e77357485e1f3f1b,polygon,1320,11309,13.20%
1018,0x481b84d453a27c4b4d40e9dc8eb96e11fc46fdb5,polygon,33,272,13.20%
1019,0x206acff1309e24f25a5decb909501f3922e6b570,polygon,2638,21627,13.19%
1020,0x47f80003f5dfa14c12d25dd52c2bbab9f206504e,polygon,136,1167,13.19%
1021,0xf56a19c84aca935df574996a97d30963b07e1978,polygon,1549,13316,13.16%
1022,0xde3edef770f1d19c998aec6dc84b1759bb363f02,avalanche,5,43,13.16%
1023,0xa97d4048b71975a475766e8278dcd2da1e8674fa,polygon,1,8,13.13%
1024,0x7904fba88101dae6610e99cc61f9a1f0b5131d31,polygon,120,1034,13.13%
1025,0xb79753f7263552a248e8e44c56e208e3f12458ed,polygon,33,284,13.12%
1026,0xf5a004805df30bd04ea04362a83f5d60470ceb80,polygon,26,224,13.11%
1027,0x6b1c37079ff576fefd12693a4347049e29545516,polygon,48,415,13.09%
1028,0xd96776afcb1841083cdfac044b84cfce6153c1eb,polygon,63,481,13.09%
1029,0xe2661e663045be89990120d5cf87fd4b3ce6b6a8,polygon,2617,22597,13.08%
1030,0xd8f7da74c9ddd61fb822381de0f459c19891b950,polygon,26,210,13.06%
1031,0x92373ecc9867bdf5f34353402ff824843ef6375f,polygon,50,383,13.05%
1032,0xe3ffacbe147794ee381316777039130dfba68d9b,avalanche,6,52,13.04%
1033,0xec8cf7a241020245cc013c04aca9ff9e2f83de59,polygon,15,130,13.04%
1034,0xde107b82e3e47ed281d276644b8115548c085c24,polygon,1048,9080,13.03%
1035,0x9e389cd652b9e8d4b8824ee5939b2fc75b891a84,polygon,13,113,13.01%
1036,0x24c07ec63423146646fa96d1c05f67547aa2acd1,polygon,13,113,13.00%
1037,0x6f0a4d9c3522a3d3e38703ac33bb248af9cc44be,polygon,10,87,13.00%
1038,0x89c46e4b8a76a252f574406bc8cea1b70772ef69,ethereum,238,1832,12.99%
1039,0x83456b498a355fff817eeed39fedf972681bd34c,polygon,10,87,12.99%
1040,0xbd74e2ac91cacf5be79510cc6c80280bd0684e44,polygon,6,46,12.97%
1041,0x0e8b9dfb95be9e677f8b7dc598517a458f0d2b06,polygon,2073,18039,12.97%
1042,0x0dd471af28614ccdd5751477f5d270605f978d4e,polygon,5,44,12.97%
1043,0x73462fb5e7db4e647b437447082251dd67cde580,polygon,7,61,12.96%
1044,0x68c9258b87b1cd4302bd1c3d2e44c539e32d7d78,polygon,15,131,12.93%
1045,0x9a4e887476b168415561ae3121d897202b7ab3db,polygon,615,5368,12.91%
1046,0xf81d78c7a2f2857bcb5fe6d6c97e3e8bd2bb02c6,polygon,516,4475,12.90%
1047,0x577e8c52b1c1f62718ad0f52eeb05da3a85f4f18,polygon,2061,18027,12.90%
1048,0x9d916afe0a780115f53f9b322dba932e7654224e,polygon,21,179,12.90%
1049,0xfa682c827688a74dc69cbefbcc7af8238d9043d0,polygon,393,3422,12.89%
1050,0xb861f027226c1bf9fce5a2fdc62f44db2575f043,polygon,2059,18050,12.87%
1051,0xe507f2d7de97c783a60fef9f1c4a4dade2b0a989,polygon,2039,17923,12.84%
1052,0xfdde0c595cff37715707bafd40752d39116ac396,polygon,822,7227,12.83%
1053,0xe5b611d4c0226010cca4663f21a667ee657eb129,polygon,136,1187,12.82%
1054,0xa04732bf487a89b23f361aaceab008e8a980773d,polygon,5,39,12.82%
1055,0xe7f843ff0bf93001cc593f33f3b32d253bf1d52a,ethereum,5,39,12.82%
1056,0xe773b3dc818ebbcf13f224da7f17c86f87afd0da,polygon,20,176,12.81%
1057,0x13dd58c9fcddb21161b3c26a408e7b1edfc08a1a,polygon,5,44,12.80%
1058,0x622d1f50e1e553ab47515227d8d2fa07da5893f7,polygon,20,176,12.80%
1059,0xcfc3ab2e1854a2ea74193b7784e5a0cf27bbf232,polygon,310,2495,12.78%
1060,0xf940b05858312cb3655d160b28e0bb4183aede7e,polygon,73,644,12.78%
1061,0x3b3e41a912ce5c505c89815c2c79c3f971116000,polygon,1533,13478,12.77%
1062,0xfcd98e8d5c541c0412e928f1b6aa79d40eeec424,polygon,5,39,12.76%
1063,0x6444f266a4a13354a4c47961d8175291940acf4a,polygon,1276,11267,12.76%
1064,0x3a8e846ed44a8c4ca5a9e859fde40784fd0c9677,polygon,11,97,12.75%
1065,0x777c86972819dc421f648d9a154c6bcf6760c2fa,polygon,280,2479,12.73%
1066,0x2377821c26ecd66f5408340cbf88a9aaa56c3b36,polygon,1145,10136,12.72%
1067,0xe869a5f00b16fbab29843b79ee8743747110ec90,polygon,10,79,12.72%
1068,0xd0d8fd83f0cf255875ba13cdce6fd02e85be72b8,polygon,1144,10143,12.71%
1069,0x9bc5150fa70961cf4d60ba0ad5dbeeb756bca17a,polygon,5,39,12.70%
1070,0x412260ce08d79dac8393b7bc12a2556540990d9c,polygon,1267,11263,12.67%
1071,0x0fae4c1d62ffe5ad6f528502b2bbf636b0ff4153,polygon,506,4459,12.65%
1072,0xef291bb068a7d55e7ea94653d1299af15e7492c5,polygon,52,463,12.64%
1073,0x19c92ca1c534078a3131a3c846ae83cc496d5645,polygon,240,2140,12.63%
1074,0xee73ef25cc3cc06475e22bea6aa830bba9661b71,polygon,1263,11252,12.63%
1075,0x8299a6aad14c685134072b9cbf884d5771915c92,polygon,277,2472,12.62%
1076,0xe693f7eff35591ae465eab8e7d6c0a632d1af540,polygon,2010,17946,12.61%
1077,0xdd2af5f4b8411db79c23939f840496e47c3e4f74,polygon,2010,17989,12.58%
1078,0x6fda374aa6133b11400d96fafa5b5eda7136898b,polygon,1258,11254,12.58%
1079,0xc17be8914803f0a12b78bb5d4e217a01a2ea6313,polygon,6,48,12.55%
1080,0xed920d30b39c1b7bc9cbf43fd3725dca2d1e8e61,polygon,1476,13230,12.55%
1081,0x9e97e4f97d1caa81375c69d116381dd38fe6fd9d,polygon,2002,17951,12.54%
1082,0xc6bf9a296f7477a45c660d692362b4f4c72d76a1,polygon,2001,17960,12.54%
1083,0xffd83d919493110b2ac416288b14791e046933f2,avalanche,6,48,12.52%
1084,0x7639336e87f4a3d238bbc28afca5b5401c51d6f3,polygon,7,63,12.50%
1085,0x1c8652776104dd4a621f2a344a982e0022d2254e,polygon,10,80,12.50%
1086,0x02effda7463c2a02ba3101f2b3619bf6be476755,polygon,1,9,12.50%
1087,0x2a1ea4d506781f7ca4c3e50cae609261df5e3405,polygon,1,8,12.50%
1088,0x9838605bb55ddcb8c971d5a471f54c3c3b40572d,polygon,10,90,12.50%
1089,0x52e7d932d6d44037319d3bbbb870059be42db038,polygon,25,225,12.50%
1090,0x538030bedab0a61167b1684a89384d5c97432686,polygon,5,40,12.50%
1091,0x09ed0be279d2fde2d8f59146f4a5fc81a6e68bcf,polygon,5,40,12.50%
1092,0xf0a23ac780ecee01ebb0fb1eab41ce987dad4034,polygon,10,80,12.50%
1093,0xe99bb31727182cac99d5e93eee071723e821b57d,polygon,435,3912,12.49%
1094,0x5b4be0af73c72fa481529a62995e3c9de864d334,polygon,38,337,12.48%
1095,0x2aac5fc01d9acd739e7c61e6a57647dbb27b8d3d,polygon,12,108,12.48%
1096,0x6d3ffd7238ce8850caa6390bc7fe6e7c6e069c03,polygon,339,3057,12.47%
1097,0x493bc7aee2ee862fe60c25fee180a381dd3cb6cf,polygon,1247,11246,12.47%
1098,0x4e481093a978a146e3d45567f58e172030742a73,polygon,1245,11236,12.45%
1099,0x2e36b361d9b711022b63d145c01a7a599a464894,polygon,25,221,12.44%
1100,0x00fdbb477d1cd363c333eac93fe7eb0397acd470,polygon,3639,32902,12.44%
1101,0x4bafa279e79b7c188875e3dd2b6ce49edb14e633,polygon,612,5443,12.42%
1102,0x83302723edf15abc86511d59fb050cc6806f4992,polygon,2668,21669,12.40%
1103,0xd4dd1e1fc98c5744d52f39b67fcbf84ae8e20778,polygon,5,45,12.39%
1104,0xf6b5e67f6aefe192e844b3ae74f499c917714e1a,polygon,50,454,12.38%
1105,0x7098d5ee6c5f1d1641f3a872e9acf0b97cc8aa75,polygon,2,17,12.37%
1106,0x41cf91badf7fedd2dc343bba38a22f9aa5a037cd,ethereum,225,1819,12.37%
1107,0xb804f9a8da53141b1b6d18ac5da9436febdc7298,polygon,1699,15359,12.35%
1108,0x4b547f4975a4e57fc5a9fe154ba1ef244cde3d3f,polygon,1,8,12.35%
1109,0xb7957368638c2cc1bf7ecf50795d44e61f228b49,polygon,4450,40505,12.34%
1110,0x9e1e2bed5271a08a8e2acc8d5ecf99ec5382cf7a,polygon,110,892,12.33%
1111,0xad06d4600c4a8b4752fa598276248fd2b2ba4268,polygon,2466,22482,12.32%
1112,0xcf052107eade84ebec14aeffe3405ab84c1aa67c,polygon,359,3274,12.32%
1113,0xb8688028c54efe7d6e27405616526b23c7ae6948,polygon,258,2353,12.32%
1114,0x38defbf1d813b1cf69f3291a5d7b05f0aaeef49a,polygon,16,141,12.31%
1115,0xd00e612ffb02b2276701c0e097c2febf5f45a4ef,polygon,5,46,12.31%
1116,0x377c1ade5b1c30fbfafd80645cafbe747998594a,polygon,10,91,12.30%
1117,0x60692efdfa0b59a76080528388b5eceebaf0bdea,polygon,1722,15691,12.30%
1118,0x47b694c7d82acc34975061aa983e17e5564d75b9,polygon,11,100,12.30%
1119,0xcda6de577d10c2e34da144c17760a8f1dc7bf847,polygon,25,228,12.30%
1120,0x539c4f71534f0aae3775ac62cdb7e7beef08ef78,polygon,93,850,12.29%
1121,0x05ab2082770a630a091c192e5815830a09d11f68,polygon,547,5000,12.28%
1122,0xcdbb984f696662ae73a68d89c5187fa3f7de6ca2,polygon,60,549,12.28%
1123,0x2b223c492d565f707c7703ebe367afe87a0a23fd,polygon,2202,20120,12.28%
1124,0x96ef41f43bb2a29d99e5b2e9221f7074478e0836,polygon,10,91,12.28%
1125,0xc802f0c4d42445013bdb420da7317526dad2e4d9,polygon,15,132,12.28%
1126,0x221cb9720dc7db7e7104c2b7e2a6d8b3f880b1ca,polygon,5,41,12.27%
1127,0x8a1ec127978bcc7499b2a188df2bd1810f522ac7,polygon,20,183,12.26%
1128,0x3fed71848b74b9f3ff26544cad368c082cb31961,polygon,9590,87323,12.26%
1129,0x220abd90038845893357e2305c638f817a453959,polygon,123,1128,12.24%
1130,0x4f9ca1e725858791f37dede53cd5aa12cd4f8c08,polygon,1102,10092,12.24%
1131,0x096450368823b2d6badda65b79d9f696b715cdda,polygon,121,1051,12.22%
1132,0xd3223fabbd10415f82eb51016c0f1d2a2fe1122f,polygon,11,90,12.22%
1133,0xb7df228da7043fabff8233f91bf26e801570dbc3,polygon,11,90,12.22%
1134,0xafeb5dd622e577e428752f70f1a5fead62819ddb,polygon,24,220,12.21%
1135,0xd94b9a07f7823cedeee3e5955a37c55e88a998b2,polygon,61,560,12.21%
1136,0x761bb99d88a630bd2be79e07164dbd6af2396fef,polygon,488,4475,12.20%
1137,0x36bee5a6f3cac881f076fd589285401ea64d6d0a,polygon,122,1122,12.20%
1138,0xd76679fad5e7c1395b21bbfc06e63bea7277e4bf,polygon,10,92,12.20%
1139,0x8a3219af1afc928e3d062db4599e0b24e96151ca,ethereum,68,558,12.19%
1140,0x07e836e86f212229c5c4cea8fc556eca87cfab64,polygon,3657,33670,12.18%
1141,0x1c506e5eb9f177765c8a0f9b9148035e574f798a,polygon,47,433,12.18%
1142,0x1ed66c33a46d57172e675a5b0e2207a1cc0db018,polygon,25,220,12.17%
1143,0xe1f24816a60817433790f13eb41a7b2e5e37c8fa,polygon,1365,12569,12.17%
1144,0xece4a7e12577b5e62dd431497b8de03e7346bae0,polygon,1216,11212,12.16%
1145,0x1da035bde09e1d2a5284ed522ed64ab66bc874ce,polygon,243,2243,12.15%
1146,0x877d6210f0527491849d31edca8f7f7256408e6b,polygon,1215,11214,12.15%
1147,0xb44b6442b731d9954819470f6f528aa3e65dff15,polygon,60,554,12.14%
1148,0x593bd163fa42118415c1567664599245ce4ba6da,polygon,303,2784,12.14%
1149,0x96b75bd75478dc0eb0ebc635313701ca4dfd13d5,polygon,11,102,12.13%
1150,0xc364412c713bbccf6a886159da5eb1d8cd6564d0,polygon,1092,10091,12.13%
1151,0x7a50c3292a0c95443c2dd76245e2fc8c44fa32ec,polygon,5,46,12.12%
1152,0xc13e11e91523a08332d8e58873354e44ea2ea3e5,polygon,121,1119,12.11%
1153,0x8f2556ab6889571bcf78ab840561018644f3ddac,polygon,10,93,12.11%
1154,0xebbd00f326a051707c62b2736faf60830a09fa9c,polygon,1089,10088,12.10%
1155,0x2a84947a0bd2b6914816ec3e3b247d58f26fa91c,polygon,483,4434,12.07%
1156,0x3a2db3b6087a228764a9d2f9f575db1028a8157e,polygon,3124,29000,12.07%
1157,0xa72511883e1d69b63ec7c744dca756a7a698d0ae,polygon,147,1365,12.07%
1158,0x3de8fbf20988cee5586f1b3cc834d66e1fa2667e,polygon,122,1134,12.06%
1159,0x1ccfd38a7ca6e3946abed21bdfb2acd9dd77b33a,polygon,5,47,12.05%
1160,0x23fc6604d18ebb7c495a8cc0955ddbc6270ce8a2,polygon,120,1117,12.03%
1161,0xd442deb96b90e3b3135653705c3ef1feefb346be,ethereum,2368,21336,12.03%
1162,0xece7d6c66473aed8c302b2d3b98ae5cd0859127b,polygon,6,50,12.00%
1163,0x686693a0e0c08a8637f28f15ef90f01ec583c0e9,polygon,6,50,12.00%
1164,0x3a1e40eeb000892e4643bcbb8eaf46482cb610ed,polygon,12,112,12.00%
1165,0x88959364ec2fb18b723572d9ae9163c6fc4739a8,polygon,60,535,12.00%
1166,0xe55993a4627e781a91b3bbf8874031a1462a0cb0,polygon,12,111,12.00%
1167,0x1dc5c68066ac61b2355f99830ecd5d34cac3d949,polygon,6,56,12.00%
1168,0x4d7b222a8a81f48e98f85300156784d197fe5a35,polygon,6,51,12.00%
1169,0x8de66762cb45b4abc422d1eb0b8d9ac6e9c7155f,polygon,6,50,12.00%
1170,0xe68c215a15c70ee9e16dac21726a41bae9c8c004,polygon,6,56,12.00%
1171,0x15b1474e0fd161c9aeaba958954201cd3532b9f9,polygon,6,50,12.00%
1172,0x25d9917a9494e4b9b3e1435bdd43c7e58025d8fb,polygon,6,51,12.00%
1173,0x54e90433122861e7abd13c3592daef30e211bc17,polygon,6,56,12.00%
1174,0xe67c4861bdb29bca2b2082afa508cebf4e7d8aa2,polygon,6,56,12.00%
1175,0xae3997645acb7f8dd302156e990e4107a8e9778f,polygon,6,56,12.00%
1176,0x9a60834eeae28756691c9473ad7ca7b4b3c34752,polygon,795,7383,12.00%
1177,0x9059d2db7be916314f0e474aaf7ba81b8bc784b3,polygon,2399,22380,11.99%
1178,0xf5276a7166cfda0d68b257e27c7c8bb2e5852e91,polygon,5,42,11.97%
1179,0xbba1c542e8f0675c0cdcbb277a640312bd8184cc,ethereum,239,2000,11.95%
1180,0x9fc4b7d5b008541ba24afd0322b0c8b3aed379b7,polygon,1906,17857,11.94%
1181,0x75e205db643a194ac3057f885081fe02b73671cf,polygon,2155,20198,11.94%
1182,0x3f727e63369f5d64a844ddfd2b21d1780e02e6f1,polygon,10,94,11.91%
1183,0xf7a5866fa247546f36d7430a7df054f02033dae3,polygon,476,4430,11.90%
1184,0xa3694e658b0e7913943da31f23aece085a45d628,polygon,10,94,11.88%
1185,0x94367c03f36cf21263823613fe8011e50a5cdd3a,ethereum,95,801,11.87%
1186,0x4637f0df78f436dca2f4b074fbbfe6889f06b8d2,polygon,1065,10063,11.84%
1187,0x906aa121d251f68bc1db8bcd62a2ae4e91de732d,polygon,1181,11143,11.83%
1188,0x493d6fc3b9b151624b764ee3689e2769fa69f3fc,polygon,10,95,11.76%
1189,0x1ee3af46b386ee2e4033b22e5cbf175584b3338b,polygon,10,85,11.75%
1190,0x39f082609c0d35e4edd5827f4fcd532b9cac2cda,polygon,703,6500,11.73%
1191,0x982e10ea780dc6fee5b8d11500db294a161388f9,ethereum,82,700,11.71%
1192,0x37bdbd9ed6f5d9fbe2c3c53e7b34dc99639951db,polygon,53,506,11.71%
1193,0x3ceb5e40e76ed5c483845c58542ed4e5d13ceaab,polygon,433,4118,11.70%
1194,0xa080fda810a11d320916436185d7b2acf03cedfd,polygon,65,621,11.70%
1195,0xfbbfbf2756b062abe77e975ed0925295c87c1a15,polygon,1434,13518,11.69%
1196,0xa30ff4ed003c4403f3776a72e4b0c66292d43474,polygon,21,201,11.69%
1197,0xd1dac732fe775cb4c86e6473bd89accd00928b4e,avalanche,10,96,11.67%
1198,0xc008a762155de0743bc6215caa00258eb57419a1,polygon,36,345,11.66%
1199,0xc9b8093397ffc3a0574723cc23a6aeabe88df913,polygon,583,5563,11.66%
1200,0xab4382aadae5bf4b37b90b9dc07fc72d52e2a28a,polygon,795,7614,11.65%
1201,0xdd45ca901067d65860b54d4310e37371cd92fb09,polygon,832,7992,11.62%
1202,0xb7f1317411b4424154154453675b59c74acddaa6,polygon,1015,9759,11.61%
1203,0xcc34cd61c3c9477a32ea3143482f139519288e2e,polygon,10,96,11.61%
1204,0xfad50b516fc6e623053ed2c5351eb7cfd4098c89,polygon,523,5025,11.60%
1205,0x5796de06976bf28058c5a344e6db3521a47ab9f8,polygon,2321,22317,11.60%
1206,0x6f52023a3321799a437fb9f9a04a2ad3ec7b268e,polygon,58,558,11.60%
1207,0x477c37e448204304efe09739fd729797943cf904,polygon,58,500,11.60%
1208,0xeaf2ef0973306d69f01214192a081c72864aac04,polygon,16,138,11.60%
1209,0xb1367cdc71a3d9643d09d7f5d76435b4a0f9475f,ethereum,109,940,11.60%
1210,0x3248f72e8c4c730718fce2b6f396e6ab4b12549d,polygon,1159,11149,11.58%
1211,0x8f678841ebd0202bc2e5c2d25b4170b5426abfa3,polygon,5,48,11.58%
1212,0xea78a4032b20d52404fcba322f0a3e1048fb86f6,polygon,2208,21196,11.58%
1213,0x096240fbd115a673cab775506c207089f9814d65,polygon,30,289,11.57%
1214,0x64974bcdb6e3cca6035804d80550bc7dfbdc6cfe,polygon,6605,63189,11.57%
1215,0xbdc7a955505e20410061744f556f6dec761bfb8f,polygon,5411,52243,11.55%
1216,0x6d714e76af538fe76aa81a75b556686ad6002023,polygon,57,551,11.54%
1217,0xcf68f0d9dd967fc0dd8f5d97e34d4c4b77e65fce,polygon,5408,50794,11.51%
1218,0xd8d7661811d30ab536380549b4535f3681db6cb2,polygon,15,145,11.50%
1219,0x805ec89ca78aee8820525af728b68acd2118f7cd,polygon,115,1115,11.50%
1220,0x6a5d4a402e2a16f69891049aaf6c2475b5f88dca,polygon,15,135,11.50%
1221,0xb29701548b27e4f897041d551ef9a4ba25fa88bf,polygon,2300,22280,11.50%
1222,0x4e53595bbe1ef18dbc7648efc0a95ec73c30f26b,polygon,1150,11142,11.50%
1223,0x5721d09950b781f21ae6c40e9d0b9642b0d36ebb,polygon,1837,17817,11.50%
1224,0x9b75e2b096d27f2d8d0491e6847c78308f1add1a,polygon,750,7175,11.49%
1225,0x8f703a753be77a8c246363c9243b5d8a27bbda06,polygon,65,632,11.47%
1226,0xa9dbd9395da29023f89f609b868c83dcabf75894,polygon,1031,10028,11.45%
1227,0x78927aa098c1801aabadc5a12d97b0eadff265dd,polygon,5,44,11.45%
1228,0x313d3061406fbd04cf1f6d20ec1e15dfe8cc7060,polygon,620,6038,11.44%
1229,0x51eded4843e5448c6f3c934e948ec230d28e2adf,polygon,1,9,11.44%
1230,0x418190668bd8a81b74e8d0a2b3d26c6b33b0b7c6,polygon,10567,103047,11.43%
1231,0x3dd2f590ba90b611b61976f87e53925dffdc1bae,avalanche,45,430,11.40%
1232,0x57b02589d6e24203fc43e442ce9a4803e290293b,polygon,5,49,11.40%
1233,0x4273210e44306f91dac480ddd371381e3bcb2462,polygon,340,3077,11.39%
1234,0x2245be89fc8fab94ed982e859aa3212a4e4eb7e5,polygon,1,9,11.39%
1235,0x858c78cd460951d47e9b90fb2c3bc5e5deb235fe,polygon,2047,20019,11.39%
1236,0xe82d1289e7bd0db53e84b7f36c56dbbeee547f6c,polygon,7,63,11.38%
1237,0x71dfba14e3f35f92d6181c0d73c8a4e5bacb57bc,polygon,389,3790,11.37%
1238,0x49af50c685652257e93269b0a4f9f39015293063,avalanche,42,401,11.37%
1239,0xc734f1e07345eed0dba991b0bd1c8c024e21b82c,polygon,5,44,11.36%
1240,0x7b995f47b97a1e888f2867700cc09db5628975e1,polygon,66,647,11.36%
1241,0xedf20598b9ab77eeee3203cf23e67fde66c7ea63,polygon,28,270,11.36%
1242,0x256c1374502c2c1df37f226f15b07eaa6cd09f3b,polygon,2353,23028,11.35%
1243,0x3c74c735b5863c0baf52598d8fd2d59611c8320f,polygon,159,1560,11.35%
1244,0xeb0ca092c9837098c463b3343960a7c91b7597f6,polygon,1135,11135,11.35%
1245,0xb8aaccb187705752a837a16e9ca38a678c8e976a,polygon,5,49,11.32%
1246,0x34cb23d2f2a707a58539f3f62c45cc171a65cf14,polygon,12,118,11.32%
1247,0x23772051d791708db34bece5a0138b8fb7ad6ac4,polygon,15,143,11.31%
1248,0xbea8af290f670ede2a135f47d7fdcddd056f6d78,polygon,212,2086,11.31%
1249,0xbf6a0bf5e3d29e79765c7be3c220b12bb60b2365,polygon,5,49,11.30%
1250,0xb55259064cf72e8ac0d894477411a30c84480a12,polygon,1130,11119,11.30%
1251,0x611949625689dc20bd0b2f8f4a0c0d9f2f0136db,polygon,1807,17791,11.30%
1252,0xb3e002a19d84b61751236b088d38eb1fcf75145a,polygon,15,138,11.29%
1253,0xff44611abc5c62ff3c8c61f67769330c9a466a93,polygon,155,1528,11.29%
1254,0x0ddc5c6b29c9d33b6aa7d5c75fd615e646107e33,polygon,133,1312,11.28%
1255,0x57e80d9393ced684cff2b5d6b5685b21ebdf6ad4,polygon,1072,10546,11.28%
1256,0x0cee323290b3e188dc159bb1c7b19dc92c455702,polygon,1126,11121,11.26%
1257,0x36d193164fc9827b08746981dc5c0f8d7a062f54,polygon,1126,11116,11.26%
1258,0x23d511efde3ee17a5683fd9a6e7240c932c57524,polygon,196,1938,11.25%
1259,0x9bf91b3b6ccf611f63c39a2f06d80bdc82ae607e,polygon,373,3679,11.25%
1260,0xbe13f5c354af0276c7fb1855f41e235d03f27888,ethereum,45,401,11.23%
1261,0x27f8a835fd9ddfcad6152f7b966f069c646b0c45,polygon,19,189,11.20%
1262,0x82f22685eb23d0f64d2f0c7e204b7d47077d03e0,polygon,124,1231,11.20%
1263,0x2cb94ffdd1b4d98638bb713be31521f77dbc7711,polygon,10,89,11.20%
1264,0x52c8ff44260056f896e20d8a43610dd88f05701b,ethereum,112,1000,11.20%
1265,0xaa679e4ee126f49c4c7e06bffae0f64562e74deb,polygon,112,1000,11.20%
1266,0x40cba6881ff02256e8d1d70cb984f29c6981e0a1,polygon,88,869,11.20%
1267,0xddd8ea4844e458a62c25969a75f1006b6e1ed6b8,polygon,15,149,11.19%
1268,0x5c10afd2e8c8ae7e282aea60759209f32edfe3d8,polygon,8336,80061,11.19%
1269,0x1641b1f865487fbac474b690c8be2edb7d23ecbb,polygon,25,249,11.18%
1270,0xedc3411b2d6cb543247a269cfb8a706d81a044da,polygon,56,557,11.18%
1271,0xa3c4ef228703b8f5940b81f0423b4140d6c34444,polygon,253,2517,11.17%
1272,0x60964766bb471e0c11dc763d1e603d2ad45f675e,polygon,1958,19488,11.17%
1273,0xd9bb8da59c4ec4c5589c1c91cd4acac76bc70988,polygon,322,3201,11.16%
1274,0x780369cef45565908a2019e977d88b784de03cff,polygon,5,50,11.16%
1275,0xaf5b16f740bed90af42df6c28e5cd79458c102f1,polygon,241,2401,11.16%
1276,0xc3b33bc09dc0421757c62e15741086a5f720a5e3,polygon,1115,11109,11.15%
1277,0xf0675f1fc89776202db60b49ef94b84f68f70b78,polygon,4292,42664,11.14%
1278,0x5955037f92e18abb42dee44754615d31190b21bb,polygon,30,299,11.14%
1279,0xa14ac1a9b3d52abd0652c5aca346099a6eb16b54,ethereum,833,7479,11.14%
1280,0x693dec34983659fe76f9ff7a2dd5fd9c02b86c96,polygon,5,50,11.13%
1281,0x9d8e798028a21a3723cb3e3c7b9a5ad84b6eaf2d,polygon,445,4345,11.12%
1282,0xc4a1db815e46cef45e2e83df76e27e9a06cf8fb5,polygon,2,18,11.12%
1283,0xa5a3003ebde3b8d1d66cd8699b6bc46c1febc7a2,polygon,29,285,11.12%
1284,0x27daf6da40b5a07bcee225599e00ba8cab249f0a,polygon,23,230,11.12%
1285,0x6f84692b143ddfcd8cd123c4d79c3ba3c7a063c3,polygon,537,5280,11.11%
1286,0xe55669e767b68444e3e0c286b7bd9319b620e704,polygon,5,45,11.11%
1287,0x0ff048e52517a504016be4297f015ca2f6258a09,polygon,111,1110,11.11%
1288,0x3470a5c433672e950345dfc3d2cedeeea8453ac4,polygon,350,3498,11.10%
1289,0xce911f6af2bb8a9591a806452d95694f0a059d62,polygon,555,5550,11.10%
1290,0x7893cbc9e89245e0470fe3ce9bb8bc3fb0bf27c3,polygon,501,5016,11.09%
1291,0xb21731d830b7e8460e5d6c66dc1ccc0a5d0a6b87,polygon,570,5708,11.09%
1292,0x8a0a3b6acdb914e203529dff1ece534fcccb0e93,polygon,102,1022,11.09%
1293,0xe0ee42934da080535338b041ee3c6dacbe249025,polygon,54,537,11.06%
1294,0xa8174c34b13b71b3b2262c82365903bb858af4e4,polygon,31,311,11.06%
1295,0x98320f031d64f1e2290c0d25716f51939edf9a99,polygon,11,111,11.05%
1296,0x6336834ca8c90cfb10124d86e26d66f0a22d9679,polygon,204,2050,11.04%
1297,0x540fd30b94e7ecc278247c28da6652b48057e926,polygon,15,136,11.04%
1298,0xa801fada732b176c2e990df197bffa757f296e26,polygon,51,513,11.04%
1299,0xd075629e23b5a257729586e8ed262327c8e74b10,polygon,1303,13086,11.03%
1300,0xbdc888c6b27d5c35117d1751f33f1a4e35c85405,polygon,56,564,11.03%
1301,0x078f4103fc26ea9797b87e4b7525a6fd096c978e,polygon,11,110,11.03%
1302,0x67b72964b1a961315386c9a48c86e29e0a773c7f,polygon,151,1515,11.02%
1303,0x15a3c8093af6f53d4dd02b82cbbfe691160a377e,polygon,2054,20693,11.02%
1304,0xbe47f85aafccfa4424e1a35d892049ddbfac2ca6,polygon,14,135,11.01%
1305,0xcf645dfb42bfd68c1c70df6e4ff6c067036197e5,polygon,11,100,11.00%
1306,0x4ced706bdb08f40c54c2ba0e4196a0eb11b9d8cc,polygon,11,101,11.00%
1307,0x7ba2345a4d300fb835f2d54d98f1f932708becd3,polygon,22,215,11.00%
1308,0xa19c1f5225687fe3f85d0be4a8dd1797ac3e99db,polygon,11,100,11.00%
1309,0xfe7805a9886277a40b34567173950b4303b7824f,polygon,11,111,11.00%
1310,0xe2ea4ddc2b2075c2722f8407c815515aa826897f,polygon,11,110,11.00%
1311,0x0ddd64c53ddaa55342abf2c8222b1ea8c752bd04,polygon,11,111,11.00%
1312,0xa9297bc8d8134cff2be3fb6187e7e351e5c9509b,polygon,12,116,11.00%
1313,0x8fdd0f594e3bd176632e7e18f91bbafcdb6a916b,polygon,1099,11098,10.99%
1314,0x9f36a6bb398118bdcd5b1bc3343d8feb6d7d02b9,avalanche,11,111,10.99%
1315,0xaad1f5b79e459811f85edb4db6ddf426240eba21,polygon,1755,17724,10.98%
1316,0xfe81a7508a18ec19011b3f86782ea6b24c396b33,polygon,186,1881,10.97%
1317,0xd4c4d64c869d2fa58cbebae162ca386669d854db,polygon,44,445,10.97%
1318,0x4b30b2882b2c355dc68573eef6037233924b4d05,polygon,44,436,10.95%
1319,0x688b15986ead1307ee27cdbae12c22c24225951f,polygon,1094,11090,10.94%
1320,0x4d5aa6c1dd9e41d6feacce642ea5432ce61069cf,polygon,10,92,10.93%
1321,0x07d9974b4dea9c9bedf72879ef7b8a80e229c097,polygon,11,107,10.92%
1322,0xdb5a1b058000813d9dbec9676587315ca7e7bcbe,polygon,279,2810,10.92%
1323,0xd866df63230f798940761e604ae745683b79bdc6,polygon,11,112,10.89%
1324,0x6ee69f308348e173dc6ca6d467893cba0887c5ce,polygon,11,112,10.89%
1325,0xd1348edc181c989dc5abe4d6aba9d20ecee176ad,polygon,5,46,10.89%
1326,0x0ab04313ac5ed53d2915505106e1c0a92b7c79ab,polygon,62,627,10.88%
1327,0x7f3df2e485087ac9bf090064b7ab867c3aa2a36e,polygon,1737,17706,10.87%
1328,0x4ec64bf5e19b8afa560f38e742518b21afcb66c7,polygon,1739,17684,10.87%
1329,0xbe91a97877111e964c627b0f290eae46bc7c3d1f,polygon,11,101,10.87%
1330,0x1407a74417bbd800878da73d30df4a01634dc323,polygon,1086,11083,10.86%
1331,0x11d8474324f0be8ebd44e9abf65d6b0cfe32b1b8,polygon,106,1077,10.86%
1332,0xd0e121ca242010c187f708140ce7a9b48331474b,ethereum,217,2030,10.85%
1333,0xb01d1afc638b294d5471c836dc876fdf53b6ca5b,polygon,1731,17685,10.85%
1334,0x26e1b32867059ec52f18ca238fd08e837f41cf39,polygon,22,225,10.84%
1335,0x2f7d72d4e3358fb5eb9cd091d356c9d0c500e23a,polygon,17,157,10.83%
1336,0xc88823c92e0a05446afd1ccb72aecf523d849267,polygon,2675,27366,10.83%
1337,0x8b0440657fc72764a2883a6504399a6e09bb07bf,polygon,1515,15436,10.83%
